NO TRANSAKSI,TGL TRANSAKSI,KODE OLDCUSTOMER,KODE CUSTOMER,NAMA CUSTOMER,ALAMAT,KODE BARANG,NAMA BARANG,SEKTOR,QTY BARANG,HNA
M1N8189,1/12/2020,,41801,"INEKE HALIM ,DR",JL.DALTON SELATAN 2 NO.19 CLUSTER DALTON GADING SERPONG -,828,KETOMED SS 60 ML,DOKTER,2,40100
M1N8189,1/12/2020,,41801,"INEKE HALIM ,DR",JL.DALTON SELATAN 2 NO.19 CLUSTER DALTON GADING SERPONG -,520,MELANOX ES 15 GR*,DOKTER,2,59900
M1N8189,1/12/2020,,41801,"INEKE HALIM ,DR",JL.DALTON SELATAN 2 NO.19 CLUSTER DALTON GADING SERPONG -,1478,MOFACORT CREAM 10 GR,DOKTER,2,66550
M1N8189,1/12/2020,,41801,"INEKE HALIM ,DR",JL.DALTON SELATAN 2 NO.19 CLUSTER DALTON GADING SERPONG -,812,NIACEF GEL 15 GRAM,DOKTER,2,28700
M1N8189,1/12/2020,,41801,"INEKE HALIM ,DR",JL.DALTON SELATAN 2 NO.19 CLUSTER DALTON GADING SERPONG -,B941,SKINBRIGHT FIRMING LOTION 15GR,DOKTER,2,85000
M1N8190,1/12/2020,,91770,"NINIS ,IBU",PERUMAHAN MEDITERANIA JL JADE RAYA NO 1 -,519,REFAQUIN CREAM 15 GR,END USER,1,62600
M1N8193,1/12/2020,,81470,"WONGYEOM KIM  ,BAPAK",KARANGPAWITAN NO.255 PT.DAUX . 44182 SINDANGPALAY . KARANGPAWITAN. KABUPATEN GARUT. JAWA BARAT,979,"BENZOLAC 2,5 GEL 5 GRAM",END USER,1,13350
M1N8198,1/12/2020,,88845,"IRWAN SAPUTRA BATUBARA ,DR","JL PERCETAKAN NEGARA V B NO 8 JOHAR BARU,KOTA JAKARTA PUSAT  DKI JAKARTA  10530",195,MEDIKLIN GEL 15 GR,DOKTER,4,22900
M1N8198,1/12/2020,,88845,"IRWAN SAPUTRA BATUBARA ,DR","JL PERCETAKAN NEGARA V B NO 8 JOHAR BARU,KOTA JAKARTA PUSAT  DKI JAKARTA  10530",861,MELANOX FORTE 4% CREAM 15 GRAM,DOKTER,10,31500
M1N8198,1/12/2020,,88845,"IRWAN SAPUTRA BATUBARA ,DR","JL PERCETAKAN NEGARA V B NO 8 JOHAR BARU,KOTA JAKARTA PUSAT  DKI JAKARTA  10530",812,NIACEF GEL 15 GRAM,DOKTER,10,28700
M1N8198,1/12/2020,,88845,"IRWAN SAPUTRA BATUBARA ,DR","JL PERCETAKAN NEGARA V B NO 8 JOHAR BARU,KOTA JAKARTA PUSAT  DKI JAKARTA  10530",B786,"VITACID GEL 0,1% 20GR",DOKTER,5,64950
M1N8220,1/12/2020,,41801,"INEKE HALIM ,DR",JL.DALTON SELATAN 2 NO.19 CLUSTER DALTON GADING SERPONG -,861,MELANOX FORTE 4% CREAM 15 GRAM,DOKTER,1,31500
M1N8228,1/12/2020,,72432,"RENI FAJARWATI ,DR","JL.GANDARIA TENGAH VI NO.9 KRAMAT PELA   KEC.KEBAYORAN BARU,KOTA JAKARTA SELATAN  DKI JAKARTA  12140",38,BENZOLAC CL GEL 10 GR,DOKTER,3,29100
M1N8228,1/12/2020,,72432,"RENI FAJARWATI ,DR","JL.GANDARIA TENGAH VI NO.9 KRAMAT PELA   KEC.KEBAYORAN BARU,KOTA JAKARTA SELATAN  DKI JAKARTA  12140",1009,"DESOLEX CREAM 10 GR 0,05%",DOKTER,2,22800
M1N8228,1/12/2020,,72432,"RENI FAJARWATI ,DR","JL.GANDARIA TENGAH VI NO.9 KRAMAT PELA   KEC.KEBAYORAN BARU,KOTA JAKARTA SELATAN  DKI JAKARTA  12140",4045,GLIKODERM CFC 100 ML,DOKTER,8,24750
M1N8228,1/12/2020,,72432,"RENI FAJARWATI ,DR","JL.GANDARIA TENGAH VI NO.9 KRAMAT PELA   KEC.KEBAYORAN BARU,KOTA JAKARTA SELATAN  DKI JAKARTA  12140",4731,GLIKODERM CFC 4% GLYCOLIC A 10,DOKTER,5,57250
M1N8228,1/12/2020,,72432,"RENI FAJARWATI ,DR","JL.GANDARIA TENGAH VI NO.9 KRAMAT PELA   KEC.KEBAYORAN BARU,KOTA JAKARTA SELATAN  DKI JAKARTA  12140",4052,GLIKODERM SKIN TONER 100ML PHA,DOKTER,5,18000
M1N8228,1/12/2020,,72432,"RENI FAJARWATI ,DR","JL.GANDARIA TENGAH VI NO.9 KRAMAT PELA   KEC.KEBAYORAN BARU,KOTA JAKARTA SELATAN  DKI JAKARTA  12140",6564,HELIATECH SUNSCR SPF45 LOT 30M,DOKTER,4,72500
M1N8228,1/12/2020,,72432,"RENI FAJARWATI ,DR","JL.GANDARIA TENGAH VI NO.9 KRAMAT PELA   KEC.KEBAYORAN BARU,KOTA JAKARTA SELATAN  DKI JAKARTA  12140",195,MEDIKLIN GEL 15 GR,DOKTER,1,22900
M1N8228,1/12/2020,,72432,"RENI FAJARWATI ,DR","JL.GANDARIA TENGAH VI NO.9 KRAMAT PELA   KEC.KEBAYORAN BARU,KOTA JAKARTA SELATAN  DKI JAKARTA  12140",861,MELANOX FORTE 4% CREAM 15 GRAM,DOKTER,3,31500
M1N8228,1/12/2020,,72432,"RENI FAJARWATI ,DR","JL.GANDARIA TENGAH VI NO.9 KRAMAT PELA   KEC.KEBAYORAN BARU,KOTA JAKARTA SELATAN  DKI JAKARTA  12140",1478,MOFACORT CREAM 10 GR,DOKTER,4,66550
M1N8228,1/12/2020,,72432,"RENI FAJARWATI ,DR","JL.GANDARIA TENGAH VI NO.9 KRAMAT PELA   KEC.KEBAYORAN BARU,KOTA JAKARTA SELATAN  DKI JAKARTA  12140",812,NIACEF GEL 15 GRAM,DOKTER,5,28700
M1N8228,1/12/2020,,72432,"RENI FAJARWATI ,DR","JL.GANDARIA TENGAH VI NO.9 KRAMAT PELA   KEC.KEBAYORAN BARU,KOTA JAKARTA SELATAN  DKI JAKARTA  12140",4046,PARASOL SUNBLOCK GEL 20 GR,DOKTER,2,18700
M1N8228,1/12/2020,,72432,"RENI FAJARWATI ,DR","JL.GANDARIA TENGAH VI NO.9 KRAMAT PELA   KEC.KEBAYORAN BARU,KOTA JAKARTA SELATAN  DKI JAKARTA  12140",B785,"VITACID GEL 0,05% 20GR",DOKTER,1,49500
M1N8228,1/12/2020,,72432,"RENI FAJARWATI ,DR","JL.GANDARIA TENGAH VI NO.9 KRAMAT PELA   KEC.KEBAYORAN BARU,KOTA JAKARTA SELATAN  DKI JAKARTA  12140",B786,"VITACID GEL 0,1% 20GR",DOKTER,2,64950
M1N8230,1/12/2020,,52644,"VONNY,DR ,DR",KLINIK MITRA SEHAT JL.RAYA RAGUNAN RT.5/4 PS.MINGGU,3972,GLIKODERM 8% SS POT 20 GR,DOKTER,2,31300
M1N8230,1/12/2020,,52644,"VONNY,DR ,DR",KLINIK MITRA SEHAT JL.RAYA RAGUNAN RT.5/4 PS.MINGGU,4994,SKINBRIGHT A.AGING GOLD SERUM,DOKTER,5,112500
M1N8233,1/12/2020,,42910,"ROSITA,DR ,DR",CLUSTER PASADENA NO.109 MODERNLANDKOTA TANGERANGBANTEN15152,4994,SKINBRIGHT A.AGING GOLD SERUM,DOKTER,30,112500
M1N8238,1/12/2020,,69827,"ARI ,BAPAK",CPP,4994,SKINBRIGHT A.AGING GOLD SERUM,KARYAWAN,1,112500
M1N8252,1/12/2020,,40150,"SOBRI JAMALUDIN ,BAPAK",AMS JL.POS PENGUMBEN RAYA NO.8,1317,DESOLEX-N CREAM 10 GR,END USER,2,28500
M1N8252,1/12/2020,,40150,"SOBRI JAMALUDIN ,BAPAK",AMS JL.POS PENGUMBEN RAYA NO.8,1134,MELANOX UV 25 GR,END USER,2,54500
M1N8252,1/12/2020,,40150,"SOBRI JAMALUDIN ,BAPAK",AMS JL.POS PENGUMBEN RAYA NO.8,812,NIACEF GEL 15 GRAM,END USER,2,28700
M1N8252,1/12/2020,,40150,"SOBRI JAMALUDIN ,BAPAK",AMS JL.POS PENGUMBEN RAYA NO.8,1006,"VITACID 0,1% CREAM 20 GR",END USER,2,43900
M1N8252,1/12/2020,,40150,"SOBRI JAMALUDIN ,BAPAK",AMS JL.POS PENGUMBEN RAYA NO.8,503,VITAQUIN CREAM 15 GR,END USER,2,61600
M1N8259,1/12/2020,,51444,"HUDA HUDAIDA ,DR",JL.PEMANCINGAN 1 NO.35A RT.8/RW.5 SRENGSENG JAKBAR (PLANG AMIFA),4236,TOPICARE CLEANSER 90 ML,DOKTER,5,60500
M1N8259,1/12/2020,,51444,"HUDA HUDAIDA ,DR",JL.PEMANCINGAN 1 NO.35A RT.8/RW.5 SRENGSENG JAKBAR (PLANG AMIFA),4237,TOPICARE SOOTING CR 30 GR,DOKTER,5,72050
M1N8269,1/12/2020,,57364,"RIZKA SOFYANTI ,DR",KLINIK MEDI HEALTH JL.ASEM BARIS RAYA NO.3D TEBET -,D706,HYALUDERM SERUM 15ML,DOKTER,3,99000
M1N8271,1/12/2020,,41801,"INEKE HALIM ,DR",JL.DALTON SELATAN 2 NO.19 CLUSTER DALTON GADING SERPONG -,6564,HELIATECH SUNSCR SPF45 LOT 30M,DOKTER,1,72500
M1N8278,1/12/2020,,41854,"FARA FAUZIAH,DR ,DR",JL.MUNGGANG NO.14 KEL.BALAI KEMBANG CONDET (KL.JASMIN) -,519,REFAQUIN CREAM 15 GR,DOKTER,210,62600
M1N8284,1/12/2020,,86221,"PT. SELESTIAL GRUP INTERNASIONAL ,PT",JL CIBUBUR II BLOK DUKU SMP 258 RT.015 RW.10 NO G. KEC.CIRACAS KEL.CIBUBUR JAKARTA TIMUR 13720,828,KETOMED SS 60 ML,KLINIK,200,40100
M1N8285,1/12/2020,,82826,"KARMAN ,DR",TAMAN OSAKA NO 91 LIPPO KARAWACI TANGERANG -,2130,ERYMED CREAM 20 GR,DOKTER,10,28700
M1N8285,1/12/2020,,82826,"KARMAN ,DR",TAMAN OSAKA NO 91 LIPPO KARAWACI TANGERANG -,1139,KETOMED CREAM 15 GR,DOKTER,5,26200
M1N8286,1/12/2020,,78133,"SEC GREENLAKE ,KLINIK",SEC GREENLAKE CITY RUKO CROWN BLOK E NO. 1 TANGERANG -,4125,GLIKODERM MILK CLEANSER 100 ML,KLINIK,15,20250
M1N8286,1/12/2020,,78133,"SEC GREENLAKE ,KLINIK",SEC GREENLAKE CITY RUKO CROWN BLOK E NO. 1 TANGERANG -,195,MEDIKLIN GEL 15 GR,KLINIK,10,22900
M1N8286,1/12/2020,,78133,"SEC GREENLAKE ,KLINIK",SEC GREENLAKE CITY RUKO CROWN BLOK E NO. 1 TANGERANG -,196,MEDIKLIN TR GEL 15 GR,KLINIK,10,40300
M1N8286,1/12/2020,,78133,"SEC GREENLAKE ,KLINIK",SEC GREENLAKE CITY RUKO CROWN BLOK E NO. 1 TANGERANG -,291,REGROU 2% SOLUTION 30 ML,KLINIK,10,55100
M1N8287,1/12/2020,,83596,"AMELINDA ,DR","PERUMAHAN GRAND CITY CLUSTER FOREST VILLE BLOK K1 NO.18 KEC. BALIKPAPAN UTARA, KOTA BALIKPAPAN, KALTIM",1009,"DESOLEX CREAM 10 GR 0,05%",DOKTER,5,22800
M1N8287,1/12/2020,,83596,"AMELINDA ,DR","PERUMAHAN GRAND CITY CLUSTER FOREST VILLE BLOK K1 NO.18 KEC. BALIKPAPAN UTARA, KOTA BALIKPAPAN, KALTIM",195,MEDIKLIN GEL 15 GR,DOKTER,5,22900
M1N8287,1/12/2020,,83596,"AMELINDA ,DR","PERUMAHAN GRAND CITY CLUSTER FOREST VILLE BLOK K1 NO.18 KEC. BALIKPAPAN UTARA, KOTA BALIKPAPAN, KALTIM",812,NIACEF GEL 15 GRAM,DOKTER,20,28700
M1N8287,1/12/2020,,83596,"AMELINDA ,DR","PERUMAHAN GRAND CITY CLUSTER FOREST VILLE BLOK K1 NO.18 KEC. BALIKPAPAN UTARA, KOTA BALIKPAPAN, KALTIM",4046,PARASOL SUNBLOCK GEL 20 GR,DOKTER,20,18700
M1N8300,1/12/2020,,42160,"SRI INDARTI,DR",GALERI NIAGA MEDITERANIA BLOK K 8 D PANTAI INDAH KAPUK,1109,BENZOLAC 5 GEL 5 GR,DOKTER,10,17600
M1N8395,2/12/2020,,50720,"ALYA ESTETIC ,KLINIK",JL.RAWA BAMBU RAYA BLOK A NO.7B -,4198,GLIKODERM 8 MOIST CR 20 GR,KLINIK,5,15500
M1N8395,2/12/2020,,50720,"ALYA ESTETIC ,KLINIK",JL.RAWA BAMBU RAYA BLOK A NO.7B -,519,REFAQUIN CREAM 15 GR,KLINIK,5,62600
M1N8395,2/12/2020,,50720,"ALYA ESTETIC ,KLINIK",JL.RAWA BAMBU RAYA BLOK A NO.7B -,766,"VITACID 0,05% CREAM 20 GRAM",KLINIK,5,33800
M1N8396,2/12/2020,,40254,"YANI T IMAN ,DR",KLINIK MEDIVITA JL.KEBON JERUK RAYA NO.7 -,828,KETOMED SS 60 ML,DOKTER,3,40100
M1N8396,2/12/2020,,40254,"YANI T IMAN ,DR",KLINIK MEDIVITA JL.KEBON JERUK RAYA NO.7 -,7438,KLODERMA LOTION 30 ML,DOKTER,3,69500
M1N8396,2/12/2020,,40254,"YANI T IMAN ,DR",KLINIK MEDIVITA JL.KEBON JERUK RAYA NO.7 -,291,REGROU 2% SOLUTION 30 ML,DOKTER,3,55100
M1N8397,2/12/2020,,57364,"RIZKA SOFYANTI ,DR",KLINIK MEDI HEALTH JL.ASEM BARIS RAYA NO.3D TEBET -,38,BENZOLAC CL GEL 10 GR,DOKTER,100,29100
M1N8398,2/12/2020,,42389,"NIKEN WULANDARI ,DR",CANTIKA SKIN CARE  PONDOK PINANG CENTER KAV CR 10  JAKARTA SELATAN,3972,GLIKODERM 8% SS POT 20 GR,DOKTER,10,31300
M1N8398,2/12/2020,,42389,"NIKEN WULANDARI ,DR",CANTIKA SKIN CARE  PONDOK PINANG CENTER KAV CR 10  JAKARTA SELATAN,4124,GLIKODERM CFC PHA 100 ML,DOKTER,10,30650
M1N8398,2/12/2020,,42389,"NIKEN WULANDARI ,DR",CANTIKA SKIN CARE  PONDOK PINANG CENTER KAV CR 10  JAKARTA SELATAN,519,REFAQUIN CREAM 15 GR,DOKTER,10,62600
M1N8398,2/12/2020,,42389,"NIKEN WULANDARI ,DR",CANTIKA SKIN CARE  PONDOK PINANG CENTER KAV CR 10  JAKARTA SELATAN,4994,SKINBRIGHT A.AGING GOLD SERUM,DOKTER,5,112500
M1N8400,2/12/2020,,40340,"SAKTI MEDIKA,KL (AN.DR.TINA WARDHANI) ,K",JL.TEBET BARAT 1 NO.5 -,5376,GLIKODERM 35 SOLUTION 30 ML,DOKTER,1,131000
M1N8400,2/12/2020,,40340,"SAKTI MEDIKA,KL (AN.DR.TINA WARDHANI) ,K",JL.TEBET BARAT 1 NO.5 -,5336,GLIKODERM 50 SOLUTION 30 ML,DOKTER,1,193600
M1N8401,2/12/2020,,83075,"MAKERI ,DR","JL.RAYA SERANG SUKAMULYA   KEL.CIKUPA, KEC.CIKUPA,KABUPATEN TANGERANG  BANTEN  15710",7098,MEDSCAB CR 30GR,DOKTER,10,65450
M1N8401,2/12/2020,,83075,"MAKERI ,DR","JL.RAYA SERANG SUKAMULYA   KEL.CIKUPA, KEC.CIKUPA,KABUPATEN TANGERANG  BANTEN  15710",292,REGROU FORTE SOLUTION 30 ML,DOKTER,2,98850
M1N8404,2/12/2020,,40441,"DWI ,DR","JL.SULTAN SYAHRIR NO.30,MENTENG -",1105,"REVIDERM 0,01 CREAM 15 GR",DOKTER,20,26350
M1N8416,2/12/2020,,90558,"THRESIA ,DR","JL. CITRA NO. 60 RT. 01 RW. 02 PASAR MUARA AMAN, LEBONG -",2130,ERYMED CREAM 20 GR,DOKTER,5,28700
M1N8416,2/12/2020,,90558,"THRESIA ,DR","JL. CITRA NO. 60 RT. 01 RW. 02 PASAR MUARA AMAN, LEBONG -",400,ERYMED PLUS SOLUTION 30 ML,DOKTER,5,42650
M1N8416,2/12/2020,,90558,"THRESIA ,DR","JL. CITRA NO. 60 RT. 01 RW. 02 PASAR MUARA AMAN, LEBONG -",1665,ERYMED SOLUTION 30 ML,DOKTER,10,28700
M1N8416,2/12/2020,,90558,"THRESIA ,DR","JL. CITRA NO. 60 RT. 01 RW. 02 PASAR MUARA AMAN, LEBONG -",7098,MEDSCAB CR 30GR,DOKTER,10,65450
M1N8416,2/12/2020,,90558,"THRESIA ,DR","JL. CITRA NO. 60 RT. 01 RW. 02 PASAR MUARA AMAN, LEBONG -",9684,MEDSCAB LOTION 30GR,DOKTER,5,63750
M1N8434,2/12/2020,,87689,"LUKI AKBAR ,DR","JL RAYA BANTEN KOMPLEK SAPTA MARGA NO 5 UNYUR, KEC. SERANG KOTA SERANG,BANTEN 42111",7438,KLODERMA LOTION 30 ML,DOKTER,5,69500
M1N8448,2/12/2020,,42218,"RURI DIAH PAMELA ,DR",RS.SUYOTO POLI KULIT DAN KELAMIN JL.VETERAN AYA N0.3 ARAH REMPOA,5136,GLIKODERM MOIST CR 20GR POT 4%,DOKTER,20,13200
M1N8492,2/12/2020,,57364,"RIZKA SOFYANTI ,DR",KLINIK MEDI HEALTH JL.ASEM BARIS RAYA NO.3D TEBET -,195,MEDIKLIN GEL 15 GR,DOKTER,150,22900
M1N8492,2/12/2020,,57364,"RIZKA SOFYANTI ,DR",KLINIK MEDI HEALTH JL.ASEM BARIS RAYA NO.3D TEBET -,196,MEDIKLIN TR GEL 15 GR,DOKTER,150,40300
M1N8492,2/12/2020,,57364,"RIZKA SOFYANTI ,DR",KLINIK MEDI HEALTH JL.ASEM BARIS RAYA NO.3D TEBET -,1105,"REVIDERM 0,01 CREAM 15 GR",DOKTER,20,26350
M1N8493,2/12/2020,,57364,"RIZKA SOFYANTI ,DR",KLINIK MEDI HEALTH JL.ASEM BARIS RAYA NO.3D TEBET -,812,NIACEF GEL 15 GRAM,DOKTER,30,28700
M1N8493,2/12/2020,,57364,"RIZKA SOFYANTI ,DR",KLINIK MEDI HEALTH JL.ASEM BARIS RAYA NO.3D TEBET -,1439,"VITACID 0,025% CREAM 15 GR",DOKTER,130,23000
M1N8493,2/12/2020,,57364,"RIZKA SOFYANTI ,DR",KLINIK MEDI HEALTH JL.ASEM BARIS RAYA NO.3D TEBET -,766,"VITACID 0,05% CREAM 20 GRAM",DOKTER,200,33800
M1N8493,2/12/2020,,57364,"RIZKA SOFYANTI ,DR",KLINIK MEDI HEALTH JL.ASEM BARIS RAYA NO.3D TEBET -,1006,"VITACID 0,1% CREAM 20 GR",DOKTER,30,43900
M1N8494,2/12/2020,,57287,"DERMALOGY ,KLINIK",JL.TAMAN TELADAN NO.10 RT.004/005 SUKASARI (SAMPING GOR DIMYATI),B941,SKINBRIGHT FIRMING LOTION 15GR,DOKTER,10,85000
M1N8495,2/12/2020,,42888,"MEGAH ESTETIKA PERKASA ,PT",APOTEK DERMASTER JL.TANAH ABANG IV NO.34B GAMBIR -,38,BENZOLAC CL GEL 10 GR,KLINIK,90,29100
M1N8496,2/12/2020,,42579,"YULITA WILIM,DR ,DR",JL.HUSEIN SASTRANEGARA NO.54 BENDA (SAMPING RESTORAN LEMBUR KURING),4994,SKINBRIGHT A.AGING GOLD SERUM,DOKTER,3,112500
M1N8497,2/12/2020,,85043,"ERI ISMAWATI ,DR","JL. RAYA LINTAS PANTAI TIMUR SUMATERA, PURWOREJO, PASIR SAKTI",5831,SKINBRIGHT LP OS BEIGE,DOKTER,5,67500
M1N8498,2/12/2020,,89105,"EVA HARTI ,DR","JL TB SUWANDI RT02/ 020 CIRACAS LAMA, SERANG, BANTEN -",4994,SKINBRIGHT A.AGING GOLD SERUM,DOKTER,3,112500
M1N8499,2/12/2020,,89834,"HILDA BRIGITTA ,DR",APOTIK KIMIA FARMA  JL. PRAMUKA NO.30 KOLAKA  KEC. LAMOKATO KAB. KOLAKA  SULAWESI TENGGARA  93511,B785,"VITACID GEL 0,05% 20GR",DOKTER,10,49500
M1N8500,2/12/2020,,54778,"LYDIA WIDJAJA ,DR",KLINIK SHALOM JL.PAHLAWAN SERIBU RUKO BSD JUNTION GALLERY SHOP A 48-50 KOTA TANGERANG SELATANBANTEN15311,4356,PALENOX GEL 15 GR,DOKTER,2,53900
M1N8500,2/12/2020,,54778,"LYDIA WIDJAJA ,DR",KLINIK SHALOM JL.PAHLAWAN SERIBU RUKO BSD JUNTION GALLERY SHOP A 48-50 KOTA TANGERANG SELATANBANTEN15311,4046,PARASOL SUNBLOCK GEL 20 GR,DOKTER,2,18700
M1N8501,2/12/2020,,84097,"ARISA ,DR","GRAND CILEGON RESIDENCE, JL BOUGENVILLE RAYA NO 85, KEC. CIBEBER KELURAHAN CIBEBER, CILEGON, BANTEN",1009,"DESOLEX CREAM 10 GR 0,05%",DOKTER,10,22800
M1N8502,2/12/2020,,54610,"DERMIS ,KLINIK","DERMIS SKIN SPECIALIST, GEDUNG KEMANG 88 LT.2 JL.KEMANG RAYA NO.88",38,BENZOLAC CL GEL 10 GR,KLINIK,3,29100
M1N8502,2/12/2020,,54610,"DERMIS ,KLINIK","DERMIS SKIN SPECIALIST, GEDUNG KEMANG 88 LT.2 JL.KEMANG RAYA NO.88",1009,"DESOLEX CREAM 10 GR 0,05%",KLINIK,20,22800
M1N8502,2/12/2020,,54610,"DERMIS ,KLINIK","DERMIS SKIN SPECIALIST, GEDUNG KEMANG 88 LT.2 JL.KEMANG RAYA NO.88",5065,GLIKODERM 10% AG CR 20 GR,KLINIK,5,36700
M1N8502,2/12/2020,,54610,"DERMIS ,KLINIK","DERMIS SKIN SPECIALIST, GEDUNG KEMANG 88 LT.2 JL.KEMANG RAYA NO.88",829,KLODERMA OINT 10 GR,KLINIK,3,31625
M1N8502,2/12/2020,,54610,"DERMIS ,KLINIK","DERMIS SKIN SPECIALIST, GEDUNG KEMANG 88 LT.2 JL.KEMANG RAYA NO.88",195,MEDIKLIN GEL 15 GR,KLINIK,3,22900
M1N8503,2/12/2020,,61507,"CLEVERIA JESSIKA ,DR",JL.BENGRAH RT.04 RW.10 NO.19 CIJANTUNG -,400,ERYMED PLUS SOLUTION 30 ML,DOKTER,10,42650
M1N8503,2/12/2020,,61507,"CLEVERIA JESSIKA ,DR",JL.BENGRAH RT.04 RW.10 NO.19 CIJANTUNG -,4052,GLIKODERM SKIN TONER 100ML PHA,DOKTER,50,18000
M1N8503,2/12/2020,,61507,"CLEVERIA JESSIKA ,DR",JL.BENGRAH RT.04 RW.10 NO.19 CIJANTUNG -,1478,MOFACORT CREAM 10 GR,DOKTER,5,66550
M1N8503,2/12/2020,,61507,"CLEVERIA JESSIKA ,DR",JL.BENGRAH RT.04 RW.10 NO.19 CIJANTUNG -,2081,PIROTOP CREAM 10 GR,DOKTER,5,59600
M1N8503,2/12/2020,,61507,"CLEVERIA JESSIKA ,DR",JL.BENGRAH RT.04 RW.10 NO.19 CIJANTUNG -,1063,TEKASOL OINTMENT 10 GR,DOKTER,5,38150
M1N8505,2/12/2020,,43886,"FAFA,DR ,DR","TAMAN SARI 1B NO.39 C (BELAKANG ALFAMIDI,SAMPING DAIHATSU) -",292,REGROU FORTE SOLUTION 30 ML,DOKTER,10,98850
M1N8510,2/12/2020,,54610,"DERMIS ,KLINIK","DERMIS SKIN SPECIALIST, GEDUNG KEMANG 88 LT.2 JL.KEMANG RAYA NO.88",B786,"VITACID GEL 0,1% 20GR",KLINIK,5,64950
M1N8542,2/12/2020,,52327,"ELVIRA MARYANTI ,DR","VIRSKIN AESTHETIC CLINIQUE JL.HOS COKROAMINOTO NO.28 B/6  KEL.LARANGAN UTARA, KEC.LARANGAN,KOTA TANGERANG  BANTEN  15154",197,MEDIQUIN CREAM 15 GR,DOKTER,6,30000
M1N8542,2/12/2020,,52327,"ELVIRA MARYANTI ,DR","VIRSKIN AESTHETIC CLINIQUE JL.HOS COKROAMINOTO NO.28 B/6  KEL.LARANGAN UTARA, KEC.LARANGAN,KOTA TANGERANG  BANTEN  15154",766,"VITACID 0,05% CREAM 20 GRAM",DOKTER,4,33800
M1N8551,3/12/2020,,84836,"SANDRANILA ESTHER ,DR","JL. BUNGA RAYA BLOK D 5 NO. 2-3, SANGIANG, TANGERANG -",1600,DEPIGMEN TOPICAL SOLUTION 30ML,DOKTER,75,50300
M1N8551,3/12/2020,,84836,"SANDRANILA ESTHER ,DR","JL. BUNGA RAYA BLOK D 5 NO. 2-3, SANGIANG, TANGERANG -",400,ERYMED PLUS SOLUTION 30 ML,DOKTER,375,42650
M1N8551,3/12/2020,,84836,"SANDRANILA ESTHER ,DR","JL. BUNGA RAYA BLOK D 5 NO. 2-3, SANGIANG, TANGERANG -",5477,PARASOL SB CR SPF33 500GR (ORA,DOKTER,12,1238000
M1N8576,3/12/2020,,87728,"BADIYAH ,DR",KLINIK AHSAN MEDIKA. BLOK F4 NO.1 CIPOCOK JAYA – SERANG (PINGGIR INDOMART),165,KETOMED GEL 15 GR,DOKTER,10,26200
M1N8576,3/12/2020,,87728,"BADIYAH ,DR",KLINIK AHSAN MEDIKA. BLOK F4 NO.1 CIPOCOK JAYA – SERANG (PINGGIR INDOMART),829,KLODERMA OINT 10 GR,DOKTER,5,31625
M1N8576,3/12/2020,,87728,"BADIYAH ,DR",KLINIK AHSAN MEDIKA. BLOK F4 NO.1 CIPOCOK JAYA – SERANG (PINGGIR INDOMART),9684,MEDSCAB LOTION 30GR,DOKTER,4,63750
M1N8576,3/12/2020,,87728,"BADIYAH ,DR",KLINIK AHSAN MEDIKA. BLOK F4 NO.1 CIPOCOK JAYA – SERANG (PINGGIR INDOMART),519,REFAQUIN CREAM 15 GR,DOKTER,5,62600
M1N8577,3/12/2020,,44718,"DEWI ANGGRAENI ,DR",JL.RAYA KEDASIH NO.112 JABABEKA 2 CIKARANG UTARA APT.KIMIA FARMA,298,SAGALON CREAM 10 GR,DOKTER,10,36650
M1N8578,3/12/2020,,42316,"SOTYA PRASARI,DR ,DR",BANJAR WIJAYA A 11/12A CIPONDOH -,8136,SKINBRIGHT LIP TREATMENT MOIST,DOKTER,4,75000
M1N8579,3/12/2020,,79485,"ANGGANA FIKA SPKK ,DR","GRAHA RAYA CLUSTER ANGGREK LOKA BLOK A1 NO. 34, PAKUJAYA SERPONG UTARA.",4045,GLIKODERM CFC 100 ML,DOKTER,15,24750
M1N8580,3/12/2020,,70528,"LIANA DEWI SUHADI  ,DR","RUKO GOLDEN 8 JL.PANJANG NO.8 C RT.005/011KEDOYA , KEC.KEBON JERUK,KOTA JAKARTA BARATDKI JAKARTA11520",1738,CARMED 20% CREAM 40 GR,DOKTER,10,37300
M1N8581,3/12/2020,,42112,"DEWI MULYAWAN,DR ,DR",PERUM DASANA INDAH BLOK RG 7 NO.1 BOJONG NANGKA KELAPA DUA -,4994,SKINBRIGHT A.AGING GOLD SERUM,DOKTER,2,112500
M1N8601,3/12/2020,,41945,"AVEIA CLINIC ,DR",JL.PURWOREJO NO.27 MENTENG -,1009,"DESOLEX CREAM 10 GR 0,05%",DOKTER,6,22800
M1N8601,3/12/2020,,41945,"AVEIA CLINIC ,DR",JL.PURWOREJO NO.27 MENTENG -,1576,KLODERMA CREAM 10 GR,DOKTER,10,31625
M1N8621,3/12/2020,,50657,"FITRIA AGUSTINA,DR ,DR",JL.BENDUNGAN HILIR RAYA NO.35 -,38,BENZOLAC CL GEL 10 GR,DOKTER,2,29100
M1N8621,3/12/2020,,50657,"FITRIA AGUSTINA,DR ,DR",JL.BENDUNGAN HILIR RAYA NO.35 -,1009,"DESOLEX CREAM 10 GR 0,05%",DOKTER,1,22800
M1N8621,3/12/2020,,50657,"FITRIA AGUSTINA,DR ,DR",JL.BENDUNGAN HILIR RAYA NO.35 -,861,MELANOX FORTE 4% CREAM 15 GRAM,DOKTER,10,31500
M1N8621,3/12/2020,,50657,"FITRIA AGUSTINA,DR ,DR",JL.BENDUNGAN HILIR RAYA NO.35 -,1478,MOFACORT CREAM 10 GR,DOKTER,5,66550
M1N8621,3/12/2020,,50657,"FITRIA AGUSTINA,DR ,DR",JL.BENDUNGAN HILIR RAYA NO.35 -,9685,SKINBRIGHT LIGHT CC CREAM NATU,DOKTER,2,59500
M1N8621,3/12/2020,,50657,"FITRIA AGUSTINA,DR ,DR",JL.BENDUNGAN HILIR RAYA NO.35 -,1439,"VITACID 0,025% CREAM 15 GR",DOKTER,10,23000
M1N8621,3/12/2020,,50657,"FITRIA AGUSTINA,DR ,DR",JL.BENDUNGAN HILIR RAYA NO.35 -,1006,"VITACID 0,1% CREAM 20 GR",DOKTER,10,43900
M1N8623,3/12/2020,,40559,"RETNO WIDOWATI,PROF ,DR",JL.DR SAHARJO NO.200 -,520,MELANOX ES 15 GR*,DOKTER,6,59900
M1N8623,3/12/2020,,40559,"RETNO WIDOWATI,PROF ,DR",JL.DR SAHARJO NO.200 -,812,NIACEF GEL 15 GRAM,DOKTER,3,28700
M1N8623,3/12/2020,,40559,"RETNO WIDOWATI,PROF ,DR",JL.DR SAHARJO NO.200 -,519,REFAQUIN CREAM 15 GR,DOKTER,15,62600
M1N8623,3/12/2020,,40559,"RETNO WIDOWATI,PROF ,DR",JL.DR SAHARJO NO.200 -,329,"VITACID 0,025% GELL 20 GR",DOKTER,6,23000
M1N8623,3/12/2020,,40559,"RETNO WIDOWATI,PROF ,DR",JL.DR SAHARJO NO.200 -,1006,"VITACID 0,1% CREAM 20 GR",DOKTER,6,43900
M1N8629,3/12/2020,,66741,"HARIANTO,DR ,DR",KLINIK ENKLA TAMAN DUTAMAS JL.KUSUMA 1A BLOK B2 NO.1 (ROLLINGGATEWARNAPINK),B785,"VITACID GEL 0,05% 20GR",DOKTER,3,49500
M1N8629,3/12/2020,,66741,"HARIANTO,DR ,DR",KLINIK ENKLA TAMAN DUTAMAS JL.KUSUMA 1A BLOK B2 NO.1 (ROLLINGGATEWARNAPINK),B786,"VITACID GEL 0,1% 20GR",DOKTER,2,64950
M1N8666,3/12/2020,,54349,"KHAERUDDIN DJAWAD ,DR",JL.HERTASNING IX PERUBAHAN GUBERNUR E17/12 MAKASSAR -,1009,"DESOLEX CREAM 10 GR 0,05%",DOKTER,20,22800
M1N8666,3/12/2020,,54349,"KHAERUDDIN DJAWAD ,DR",JL.HERTASNING IX PERUBAHAN GUBERNUR E17/12 MAKASSAR -,1139,KETOMED CREAM 15 GR,DOKTER,20,26200
M1N8666,3/12/2020,,54349,"KHAERUDDIN DJAWAD ,DR",JL.HERTASNING IX PERUBAHAN GUBERNUR E17/12 MAKASSAR -,829,KLODERMA OINT 10 GR,DOKTER,60,31625
M1N8666,3/12/2020,,54349,"KHAERUDDIN DJAWAD ,DR",JL.HERTASNING IX PERUBAHAN GUBERNUR E17/12 MAKASSAR -,195,MEDIKLIN GEL 15 GR,DOKTER,20,22900
M1N8666,3/12/2020,,54349,"KHAERUDDIN DJAWAD ,DR",JL.HERTASNING IX PERUBAHAN GUBERNUR E17/12 MAKASSAR -,7098,MEDSCAB CR 30GR,DOKTER,10,65450
M1N8666,3/12/2020,,54349,"KHAERUDDIN DJAWAD ,DR",JL.HERTASNING IX PERUBAHAN GUBERNUR E17/12 MAKASSAR -,1063,TEKASOL OINTMENT 10 GR,DOKTER,10,38150
M1N8666,3/12/2020,,54349,"KHAERUDDIN DJAWAD ,DR",JL.HERTASNING IX PERUBAHAN GUBERNUR E17/12 MAKASSAR -,B785,"VITACID GEL 0,05% 20GR",DOKTER,20,49500
M1N8667,3/12/2020,,53437,"CINTHIA GISCA ,DR",JL.BAWEAN 2 NO.29 SUKARAME BANDAR LAMPUNG -,38,BENZOLAC CL GEL 10 GR,DOKTER,50,29100
M1N8667,3/12/2020,,53437,"CINTHIA GISCA ,DR",JL.BAWEAN 2 NO.29 SUKARAME BANDAR LAMPUNG -,292,REGROU FORTE SOLUTION 30 ML,DOKTER,20,98850
M1N8667,3/12/2020,,53437,"CINTHIA GISCA ,DR",JL.BAWEAN 2 NO.29 SUKARAME BANDAR LAMPUNG -,1439,"VITACID 0,025% CREAM 15 GR",DOKTER,50,23000
M1N8667,3/12/2020,,53437,"CINTHIA GISCA ,DR",JL.BAWEAN 2 NO.29 SUKARAME BANDAR LAMPUNG -,766,"VITACID 0,05% CREAM 20 GRAM",DOKTER,20,33800
M1N8668,3/12/2020,,53437,"CINTHIA GISCA ,DR",JL.BAWEAN 2 NO.29 SUKARAME BANDAR LAMPUNG -,828,KETOMED SS 60 ML,DOKTER,50,40100
M1N8668,3/12/2020,,53437,"CINTHIA GISCA ,DR",JL.BAWEAN 2 NO.29 SUKARAME BANDAR LAMPUNG -,2142,KLODERMA OINT 5 GR,DOKTER,100,20350
M1N8671,3/12/2020,,41968,"DAULAT ,DR",APOTIK KELLYN MEDIKA JL.DANAU TOBA NO.28 A-B SAMARINDA -,829,KLODERMA OINT 10 GR,DOKTER,50,31625
M1N8671,3/12/2020,,41968,"DAULAT ,DR",APOTIK KELLYN MEDIKA JL.DANAU TOBA NO.28 A-B SAMARINDA -,2081,PIROTOP CREAM 10 GR,DOKTER,30,59600
M1N8677,3/12/2020,,91839,"KLINIK AINA ,KLINIK","AINA BEAUTY CENTER. JL. VETERAN NO. 2B ALUN-ALUN SERANG SAMPING RAMAYANA , KELURAHAN KOTA BARU, KEC. SERANG - BANTEN 421",1665,ERYMED SOLUTION 30 ML,KLINIK,10,28700
M1N8678,3/12/2020,,83760,"HALIDINA ,DR",JL. KRUING RAYA TIMUR RT. 13 NO. 22 BATU AMPAR -,4994,SKINBRIGHT A.AGING GOLD SERUM,DOKTER,10,112500
M1N8679,3/12/2020,,40254,"YANI T IMAN ,DR",KLINIK MEDIVITA JL.KEBON JERUK RAYA NO.7 -,1478,MOFACORT CREAM 10 GR,DOKTER,10,66550
M1N8679,3/12/2020,,40254,"YANI T IMAN ,DR",KLINIK MEDIVITA JL.KEBON JERUK RAYA NO.7 -,5208,TOPICARE + CERAMIDE CR 100 GR,DOKTER,5,137500
M1N8679,3/12/2020,,40254,"YANI T IMAN ,DR",KLINIK MEDIVITA JL.KEBON JERUK RAYA NO.7 -,4236,TOPICARE CLEANSER 90 ML,DOKTER,5,60500
M1N8680,3/12/2020,,52327,"ELVIRA MARYANTI ,DR","VIRSKIN AESTHETIC CLINIQUE JL.HOS COKROAMINOTO NO.28 B/6  KEL.LARANGAN UTARA, KEC.LARANGAN,KOTA TANGERANG  BANTEN  15154",9684,MEDSCAB LOTION 30GR,DOKTER,2,63750
M1N8683,3/12/2020,,73823,"DIAH ARTANTI ,DR","KLINIK DERMALUX SKIN CLINIC JL.MANGGA BESAR VIII NO.12Q TAMAN SARIKEL.TAMAN SARI, KEC.TAMAN SARI,KOTA JAKARTA BARATDKI J",1009,"DESOLEX CREAM 10 GR 0,05%",DOKTER,10,22800
M1N8683,3/12/2020,,73823,"DIAH ARTANTI ,DR","KLINIK DERMALUX SKIN CLINIC JL.MANGGA BESAR VIII NO.12Q TAMAN SARIKEL.TAMAN SARI, KEC.TAMAN SARI,KOTA JAKARTA BARATDKI J",519,REFAQUIN CREAM 15 GR,DOKTER,10,62600
M1N8708,4/12/2020,,89265,"ERIKA DEWI. SP.KK ,DR",JL. BANJAR INDAH KOMPLEK HAYATI RESIDENCE BLOK H NO. 5 BANJARMASIN KALIMANTAN SELATAN,C390,HYALUDERM FACE MOIST CR 15GR,DOKTER,50,93500
M1N8710,4/12/2020,,42310,"SILVIA HARTONO,DR ,DR","RUKO SPARKS A NO.16 GADING SERPONG KLINIK FAIRYTALE AESTHETIC   KEL.SERPONG, KEC.SERPONG,KOTA TANGERANG SELATAN  BANTEN",5208,TOPICARE + CERAMIDE CR 100 GR,DOKTER,3,137500
M1N8711,4/12/2020,,55632,"WANG SURYANI ,DR",PT.SOLUDERMA ESTETIKA INDONESIA MALL PIK AVENUE LT.6 KANTOR CRE8 WORKING SPACE,519,REFAQUIN CREAM 15 GR,DOKTER,10,62600
M1N8711,4/12/2020,,55632,"WANG SURYANI ,DR",PT.SOLUDERMA ESTETIKA INDONESIA MALL PIK AVENUE LT.6 KANTOR CRE8 WORKING SPACE,B786,"VITACID GEL 0,1% 20GR",DOKTER,10,64950
M1N8713,4/12/2020,,42508,"JIHAN ROSITA,DR ,DR",JL.BIDURI BULAN 3 KOMPLEK PERMATA HIJAU BLOK O NO.12 RT/RW:06/01,1009,"DESOLEX CREAM 10 GR 0,05%",DOKTER,5,22800
M1N8713,4/12/2020,,42508,"JIHAN ROSITA,DR ,DR",JL.BIDURI BULAN 3 KOMPLEK PERMATA HIJAU BLOK O NO.12 RT/RW:06/01,1576,KLODERMA CREAM 10 GR,DOKTER,5,31625
M1N8713,4/12/2020,,42508,"JIHAN ROSITA,DR ,DR",JL.BIDURI BULAN 3 KOMPLEK PERMATA HIJAU BLOK O NO.12 RT/RW:06/01,195,MEDIKLIN GEL 15 GR,DOKTER,5,22900
M1N8725,4/12/2020,,60038,"JONATHAN ,DR",KEBON JERUK BARU BLOK A2 NO.1 -,C390,HYALUDERM FACE MOIST CR 15GR,DOKTER,10,93500
M1N8728,4/12/2020,,91840,"LANNY PURNAMA ,DR",TK KOTA BANTEN. JL TIRTAYASA NO 42 SERANG -,1478,MOFACORT CREAM 10 GR,DOKTER,2,66550
M1N8728,4/12/2020,,91840,"LANNY PURNAMA ,DR",TK KOTA BANTEN. JL TIRTAYASA NO 42 SERANG -,1439,"VITACID 0,025% CREAM 15 GR",DOKTER,5,23000
M1N8741,4/12/2020,,91851,"KLINIK BABAT MEDIKA ,KLINIK","JL RAYA SERDANG IYUH, RT 03 RW 03, CAKUNG, BABAT, KEC. LEGOK, TANGERANG, BANTEN 15820",B304,ESDEE GEL 15GR,KLINIK,1,33275
M1N8741,4/12/2020,,91851,"KLINIK BABAT MEDIKA ,KLINIK","JL RAYA SERDANG IYUH, RT 03 RW 03, CAKUNG, BABAT, KEC. LEGOK, TANGERANG, BANTEN 15820",6564,HELIATECH SUNSCR SPF45 LOT 30M,KLINIK,1,72500
M1N8741,4/12/2020,,91851,"KLINIK BABAT MEDIKA ,KLINIK","JL RAYA SERDANG IYUH, RT 03 RW 03, CAKUNG, BABAT, KEC. LEGOK, TANGERANG, BANTEN 15820",4994,SKINBRIGHT A.AGING GOLD SERUM,KLINIK,1,112500
M1N8750,4/12/2020,,53439,"REFLA SYARIF ,DR",APOTEK ERMEDIKA RUKO GOLDEN PARK NO.7 LENGKONG KARYA BSD  KOTA TANGERANG  BANTEN  15117,1063,TEKASOL OINTMENT 10 GR,DOKTER,10,38150
M1N8771,4/12/2020,,47661,"HERA ,IBU",JL.LEMBANG NO.14 MENTENG,5198,GLIKODERM PEEL NEUTRALIZER 200,END USER,1,82500
M1N8785,4/12/2020,,62337,SRI LESTARI.DR,JL.JANUR KUNING V BLOK WK NO.12 KELAPA GADING,7438,KLODERMA LOTION 30 ML,DOKTER,5,69500
M1N8785,4/12/2020,,62337,SRI LESTARI.DR,JL.JANUR KUNING V BLOK WK NO.12 KELAPA GADING,5830,SKINBRIGHT LP OS NATURAL,DOKTER,2,67500
M1N8789,4/12/2020,,41597,"SITI NURDATHIYAH ,IBU",CPP -,4994,SKINBRIGHT A.AGING GOLD SERUM,KARYAWAN,1,112500
M1N8790,4/12/2020,,74964,"RITA FADILAH ,DR","KLINIK ARITA   JL.QADR 3 NO.11 ISLAMIC VILLAGE, KARAWACI TANGERANG   KOTA TANGERANG  BANTEN  15117",9887,REFAQUIN CREAM 10GR,DOKTER,15,42500
M1N8792,4/12/2020,,87587,"ANOVI SASMITA ,DR","KP.LEGOK KOPRAH RT/RW 02/ 01 DESA SINDANG HAYU, KEC. SAKETI PANDEGLANG-BANTEN",4994,SKINBRIGHT A.AGING GOLD SERUM,DOKTER,5,112500
M1N8792,4/12/2020,,87587,"ANOVI SASMITA ,DR","KP.LEGOK KOPRAH RT/RW 02/ 01 DESA SINDANG HAYU, KEC. SAKETI PANDEGLANG-BANTEN",9729,SKINBRIGHT LIGHT CC CREAM BEIG,DOKTER,10,59500
M1N8793,4/12/2020,,84836,"SANDRANILA ESTHER ,DR","JL. BUNGA RAYA BLOK D 5 NO. 2-3, SANGIANG, TANGERANG -",1600,DEPIGMEN TOPICAL SOLUTION 30ML,DOKTER,75,50300
M1N8793,4/12/2020,,84836,"SANDRANILA ESTHER ,DR","JL. BUNGA RAYA BLOK D 5 NO. 2-3, SANGIANG, TANGERANG -",400,ERYMED PLUS SOLUTION 30 ML,DOKTER,300,42650
M1N8793,4/12/2020,,84836,"SANDRANILA ESTHER ,DR","JL. BUNGA RAYA BLOK D 5 NO. 2-3, SANGIANG, TANGERANG -",5477,PARASOL SB CR SPF33 500GR (ORA,DOKTER,3,1238000
M1N8796,4/12/2020,,41957,"ANDREAS WIDIANSYAH,DR",JL.TERATAI CB 4 SOLO BARU,4045,GLIKODERM CFC 100 ML,DOKTER,200,24750
M1N8796,4/12/2020,,41957,"ANDREAS WIDIANSYAH,DR",JL.TERATAI CB 4 SOLO BARU,4125,GLIKODERM MILK CLEANSER 100 ML,DOKTER,200,20250
M1N8796,4/12/2020,,41957,"ANDREAS WIDIANSYAH,DR",JL.TERATAI CB 4 SOLO BARU,4052,GLIKODERM SKIN TONER 100ML PHA,DOKTER,300,18000
M1N8796,4/12/2020,,41957,"ANDREAS WIDIANSYAH,DR",JL.TERATAI CB 4 SOLO BARU,1139,KETOMED CREAM 15 GR,DOKTER,200,26200
M1N8796,4/12/2020,,41957,"ANDREAS WIDIANSYAH,DR",JL.TERATAI CB 4 SOLO BARU,195,MEDIKLIN GEL 15 GR,DOKTER,500,22900
M1N8796,4/12/2020,,41957,"ANDREAS WIDIANSYAH,DR",JL.TERATAI CB 4 SOLO BARU,520,MELANOX ES 15 GR*,DOKTER,50,59900
M1N8809,4/12/2020,,79930,"ERLINA FERIYANI ,DR",JLN. PANGERAN MAT ALI DESA GEDUNG MULYA RK 2 KECAMATAN TANJUNG RAYA KABUPATEN MESUJI PROVINSI LAMPUNG,4125,GLIKODERM MILK CLEANSER 100 ML,DOKTER,15,20250
M1N8809,4/12/2020,,79930,"ERLINA FERIYANI ,DR",JLN. PANGERAN MAT ALI DESA GEDUNG MULYA RK 2 KECAMATAN TANJUNG RAYA KABUPATEN MESUJI PROVINSI LAMPUNG,4994,SKINBRIGHT A.AGING GOLD SERUM,DOKTER,5,112500
M1N8832,4/12/2020,,41940,"RIZKI SARI ,DR",APARTEMEN THE HABITAT RC.09 TOWER PRINCETON JL.FLAMBOYAN PERUM HARAPAN KITA KARAWACI,2081,PIROTOP CREAM 10 GR,DOKTER,2,59600
M1N8832,4/12/2020,,41940,"RIZKI SARI ,DR",APARTEMEN THE HABITAT RC.09 TOWER PRINCETON JL.FLAMBOYAN PERUM HARAPAN KITA KARAWACI,291,REGROU 2% SOLUTION 30 ML,DOKTER,3,55100
M1N8833,4/12/2020,,91853,"A.WIDYA ROSWITA ,DR","JL.YOS SUDARSO NO A7,PARANG LAYANG,KEC.BONTOALA, KOTA MAKASSAR",5276,GLIKODERM MILK CL 1000 ML,DOKTER,1,193600
M1N8833,4/12/2020,,91853,"A.WIDYA ROSWITA ,DR","JL.YOS SUDARSO NO A7,PARANG LAYANG,KEC.BONTOALA, KOTA MAKASSAR",1585,MOFACORT CREAM 5 GR,DOKTER,3,34900
M1N8855,5/12/2020,,49835,"PT.SULICO ,PT",JL.WOLTER MONGINSIDI NO.32 RT.001 RW.006 PETOGOGAN KEBAYORANBARU,1006,"VITACID 0,1% CREAM 20 GR",KLINIK,67,43900
M1N8856,5/12/2020,,40544,"QATRA,DR,SPKK ,DR",JL.DEWI SARTIKA NO.198 B CAWANG -,195,MEDIKLIN GEL 15 GR,DOKTER,67,22900
M1N8856,5/12/2020,,40544,"QATRA,DR,SPKK ,DR",JL.DEWI SARTIKA NO.198 B CAWANG -,196,MEDIKLIN TR GEL 15 GR,DOKTER,34,40300
M1N8872,5/12/2020,,78129,"LIANAKA ,KLINIK",GD.CIBIS NINE THE VERANDA LG SP 09   (SAMPING INDOMARET SEBELAH MUSHOLAH)  CILANDAK TIMUR PASAR MINGGU   KEL.CILANDAK TI,1109,BENZOLAC 5 GEL 5 GR,KLINIK,5,17600
M1N8872,5/12/2020,,78129,"LIANAKA ,KLINIK",GD.CIBIS NINE THE VERANDA LG SP 09   (SAMPING INDOMARET SEBELAH MUSHOLAH)  CILANDAK TIMUR PASAR MINGGU   KEL.CILANDAK TI,1009,"DESOLEX CREAM 10 GR 0,05%",KLINIK,5,22800
M1N8873,5/12/2020,,40813,"STEFANI,DR",JL.SAWO 15 MENTENG,1009,"DESOLEX CREAM 10 GR 0,05%",DOKTER,5,22800
M1N8873,5/12/2020,,40813,"STEFANI,DR",JL.SAWO 15 MENTENG,7438,KLODERMA LOTION 30 ML,DOKTER,6,69500
M1N8873,5/12/2020,,40813,"STEFANI,DR",JL.SAWO 15 MENTENG,1105,"REVIDERM 0,01 CREAM 15 GR",DOKTER,24,26350
M1N8873,5/12/2020,,40813,"STEFANI,DR",JL.SAWO 15 MENTENG,4236,TOPICARE CLEANSER 90 ML,DOKTER,24,60500
M1N8873,5/12/2020,,40813,"STEFANI,DR",JL.SAWO 15 MENTENG,1439,"VITACID 0,025% CREAM 15 GR",DOKTER,12,23000
M1N8873,5/12/2020,,40813,"STEFANI,DR",JL.SAWO 15 MENTENG,1006,"VITACID 0,1% CREAM 20 GR",DOKTER,12,43900
M1N8874,5/12/2020,,41772,"SOFIA WINDARTI ,DR",JL.LONTAR NO.3B RT 14/07 MENTENG ATAS -,4045,GLIKODERM CFC 100 ML,DOKTER,25,24750
M1N8875,5/12/2020,,41945,"AVEIA CLINIC ,DR",JL.PURWOREJO NO.27 MENTENG -,1009,"DESOLEX CREAM 10 GR 0,05%",DOKTER,8,22800
M1N8875,5/12/2020,,41945,"AVEIA CLINIC ,DR",JL.PURWOREJO NO.27 MENTENG -,1139,KETOMED CREAM 15 GR,DOKTER,8,26200
M1N8875,5/12/2020,,41945,"AVEIA CLINIC ,DR",JL.PURWOREJO NO.27 MENTENG -,1576,KLODERMA CREAM 10 GR,DOKTER,10,31625
M1N8879,5/12/2020,,42316,"SOTYA PRASARI,DR ,DR",BANJAR WIJAYA A 11/12A CIPONDOH -,1950,ERYMED GEL 15 GR,DOKTER,5,28700
M1N8879,5/12/2020,,42316,"SOTYA PRASARI,DR ,DR",BANJAR WIJAYA A 11/12A CIPONDOH -,B304,ESDEE GEL 15GR,DOKTER,15,33275
M1N8879,5/12/2020,,42316,"SOTYA PRASARI,DR ,DR",BANJAR WIJAYA A 11/12A CIPONDOH -,1576,KLODERMA CREAM 10 GR,DOKTER,15,31625
M1N8879,5/12/2020,,42316,"SOTYA PRASARI,DR ,DR",BANJAR WIJAYA A 11/12A CIPONDOH -,829,KLODERMA OINT 10 GR,DOKTER,20,31625
M1N8888,5/12/2020,,41945,"AVEIA CLINIC ,DR",JL.PURWOREJO NO.27 MENTENG -,292,REGROU FORTE SOLUTION 30 ML,DOKTER,3,98850
M1N8890,5/12/2020,,66909,"NUR DEWI MAHARANY ,DR",DR.DEE BEAUTY JL.JEREBUSUA UJUNG DEPAN KANTOR LURAH TANAH TINGGIBARATTERNATEMALUKUUTARA,1478,MOFACORT CREAM 10 GR,DOKTER,5,66550
M1N8890,5/12/2020,,66909,"NUR DEWI MAHARANY ,DR",DR.DEE BEAUTY JL.JEREBUSUA UJUNG DEPAN KANTOR LURAH TANAH TINGGIBARATTERNATEMALUKUUTARA,519,REFAQUIN CREAM 15 GR,DOKTER,10,62600
M1N8910,5/12/2020,,40793,"SUCI,IBU (UP IBU INAH) ,IBU",PERUM PONDOK AREN INDAH 2 (ARINDA 2) BLOK E2 NO.6A JL.ANGSANA RT 01/07 PONDOKAREN,7099,PARASOL SPF 30 LOT.50GR,END USER,1,46600
M1N8912,5/12/2020,,49835,"PT.SULICO ,PT",JL.WOLTER MONGINSIDI NO.32 RT.001 RW.006 PETOGOGAN KEBAYORANBARU,1006,"VITACID 0,1% CREAM 20 GR",KLINIK,50,43900
M1N8924,5/12/2020,,40232,"LASTI LARASATI ,DR",JL.BERLIAN II NO.85 CILANDAK CILANDAK -,519,REFAQUIN CREAM 15 GR,DOKTER,10,62600
M1N8925,5/12/2020,,78998,"WIDIASTUTI SPKK ,DR",RS.BHAYANGKARA PALEMBANG   JL.JEND SUDIRMAN KM 4.5  KOTA PALEMBANG  SUMATERA SELATAN  30263,195,MEDIKLIN GEL 15 GR,DOKTER,7,22900
M1N8925,5/12/2020,,78998,"WIDIASTUTI SPKK ,DR",RS.BHAYANGKARA PALEMBANG   JL.JEND SUDIRMAN KM 4.5  KOTA PALEMBANG  SUMATERA SELATAN  30263,B785,"VITACID GEL 0,05% 20GR",DOKTER,5,49500
M1N8926,5/12/2020,,78998,"WIDIASTUTI SPKK ,DR",RS.BHAYANGKARA PALEMBANG   JL.JEND SUDIRMAN KM 4.5  KOTA PALEMBANG  SUMATERA SELATAN  30263,C390,HYALUDERM FACE MOIST CR 15GR,DOKTER,3,93500
M1N8926,5/12/2020,,78998,"WIDIASTUTI SPKK ,DR",RS.BHAYANGKARA PALEMBANG   JL.JEND SUDIRMAN KM 4.5  KOTA PALEMBANG  SUMATERA SELATAN  30263,D706,HYALUDERM SERUM 15ML,DOKTER,3,99000
M1N8933,5/12/2020,,55632,"WANG SURYANI ,DR",PT.SOLUDERMA ESTETIKA INDONESIA MALL PIK AVENUE LT.6 KANTOR CRE8 WORKING SPACE,1006,"VITACID 0,1% CREAM 20 GR",DOKTER,1,43900
M1N8948,5/12/2020,,55736,"NOVARIA SONATA ,DR","PENANCANGAN ARU, JL.CAMAR LOK  NO.158 RT04/RW09 SERANG, BANTEN",1009,"DESOLEX CREAM 10 GR 0,05%",DOKTER,20,22800
M1N8948,5/12/2020,,55736,"NOVARIA SONATA ,DR","PENANCANGAN ARU, JL.CAMAR LOK  NO.158 RT04/RW09 SERANG, BANTEN",4198,GLIKODERM 8 MOIST CR 20 GR,DOKTER,20,15500
M1N8948,5/12/2020,,55736,"NOVARIA SONATA ,DR","PENANCANGAN ARU, JL.CAMAR LOK  NO.158 RT04/RW09 SERANG, BANTEN",4125,GLIKODERM MILK CLEANSER 100 ML,DOKTER,20,20250
M1N8948,5/12/2020,,55736,"NOVARIA SONATA ,DR","PENANCANGAN ARU, JL.CAMAR LOK  NO.158 RT04/RW09 SERANG, BANTEN",195,MEDIKLIN GEL 15 GR,DOKTER,20,22900
M1N8948,5/12/2020,,55736,"NOVARIA SONATA ,DR","PENANCANGAN ARU, JL.CAMAR LOK  NO.158 RT04/RW09 SERANG, BANTEN",861,MELANOX FORTE 4% CREAM 15 GRAM,DOKTER,12,31500
M1N8948,5/12/2020,,55736,"NOVARIA SONATA ,DR","PENANCANGAN ARU, JL.CAMAR LOK  NO.158 RT04/RW09 SERANG, BANTEN",1478,MOFACORT CREAM 10 GR,DOKTER,18,66550
M1N8948,5/12/2020,,55736,"NOVARIA SONATA ,DR","PENANCANGAN ARU, JL.CAMAR LOK  NO.158 RT04/RW09 SERANG, BANTEN",4994,SKINBRIGHT A.AGING GOLD SERUM,DOKTER,15,112500
M1N8948,5/12/2020,,55736,"NOVARIA SONATA ,DR","PENANCANGAN ARU, JL.CAMAR LOK  NO.158 RT04/RW09 SERANG, BANTEN",766,"VITACID 0,05% CREAM 20 GRAM",DOKTER,9,33800
M1N8951,5/12/2020,,55965,"ESTU,SPKK ,DR",BONA SARANA INDAH BLOK G NO.10 CIKOKOL TANGERANG 15117 -,2037,MEDICORT CREAM 10 GR,DOKTER,3,55300
M1N8951,5/12/2020,,55965,"ESTU,SPKK ,DR",BONA SARANA INDAH BLOK G NO.10 CIKOKOL TANGERANG 15117 -,195,MEDIKLIN GEL 15 GR,DOKTER,6,22900
M1N8951,5/12/2020,,55965,"ESTU,SPKK ,DR",BONA SARANA INDAH BLOK G NO.10 CIKOKOL TANGERANG 15117 -,520,MELANOX ES 15 GR*,DOKTER,6,59900
M1N8951,5/12/2020,,55965,"ESTU,SPKK ,DR",BONA SARANA INDAH BLOK G NO.10 CIKOKOL TANGERANG 15117 -,861,MELANOX FORTE 4% CREAM 15 GRAM,DOKTER,2,31500
M1N8951,5/12/2020,,55965,"ESTU,SPKK ,DR",BONA SARANA INDAH BLOK G NO.10 CIKOKOL TANGERANG 15117 -,812,NIACEF GEL 15 GRAM,DOKTER,6,28700
M1N8951,5/12/2020,,55965,"ESTU,SPKK ,DR",BONA SARANA INDAH BLOK G NO.10 CIKOKOL TANGERANG 15117 -,1106,"REVIDERM 0,02 CREAM 15 GR",DOKTER,8,28000
M1N8951,5/12/2020,,55965,"ESTU,SPKK ,DR",BONA SARANA INDAH BLOK G NO.10 CIKOKOL TANGERANG 15117 -,1439,"VITACID 0,025% CREAM 15 GR",DOKTER,2,23000
M1N8970,7/12/2020,,82350,"MIMI ,DR","APOTEK EDELWEIS. RUKO GOLDEN MADRID 1 BLOK B NO. 07, JL. LETJEN SUTOPO, BSD SELATAN, RW. MEKAR JAYA, KEC. SERPONG, KOTA",B327,LUMINEUX PURIFYING FC.WASH 100,DOKTER,5,69000
M1N8970,7/12/2020,,82350,"MIMI ,DR","APOTEK EDELWEIS. RUKO GOLDEN MADRID 1 BLOK B NO. 07, JL. LETJEN SUTOPO, BSD SELATAN, RW. MEKAR JAYA, KEC. SERPONG, KOTA",519,REFAQUIN CREAM 15 GR,DOKTER,10,62600
M1N8970,7/12/2020,,82350,"MIMI ,DR","APOTEK EDELWEIS. RUKO GOLDEN MADRID 1 BLOK B NO. 07, JL. LETJEN SUTOPO, BSD SELATAN, RW. MEKAR JAYA, KEC. SERPONG, KOTA",1006,"VITACID 0,1% CREAM 20 GR",DOKTER,5,43900
M1N8973,7/12/2020,,91793,"RUDI STEVEN ,BAPAK","JL.TRANS SULAWESI PT.IMIP POS 1 DEPAN KLINIK  FATUFIA BAHODOPI, KABUPATEN MOROWALI  SULAWESI TENGAH",195,MEDIKLIN GEL 15 GR,END USER,1,22900
M1N8973,7/12/2020,,91793,"RUDI STEVEN ,BAPAK","JL.TRANS SULAWESI PT.IMIP POS 1 DEPAN KLINIK  FATUFIA BAHODOPI, KABUPATEN MOROWALI  SULAWESI TENGAH",812,NIACEF GEL 15 GRAM,END USER,1,28700
M1N8974,7/12/2020,,81411,"FIQIH FAJRI ,BAPAK","CPP  SRENGSENG, KEMBANGAN, KOTA JAKARTA BARAT -",4044,GLIKODERM CFC 2% GLYCOLIC ACID,END USER,1,40000
M1N8982,7/12/2020,,40946,"SATYA B.NEGARA,DR",WALET PERMAI V/5 PANTAI INDAH KAPUK,812,NIACEF GEL 15 GRAM,DOKTER,12,28700
M1N8982,7/12/2020,,40946,"SATYA B.NEGARA,DR",WALET PERMAI V/5 PANTAI INDAH KAPUK,2081,PIROTOP CREAM 10 GR,DOKTER,6,59600
M1N8984,7/12/2020,,52023,"NIA SPKK ,DR",TAMAN PURI BINTARO PB 33 NO.2 BINTARO JAYA SEKTOR 9 TANGSEL,4045,GLIKODERM CFC 100 ML,DOKTER,10,24750
M1N8984,7/12/2020,,52023,"NIA SPKK ,DR",TAMAN PURI BINTARO PB 33 NO.2 BINTARO JAYA SEKTOR 9 TANGSEL,C390,HYALUDERM FACE MOIST CR 15GR,DOKTER,5,93500
M1N8984,7/12/2020,,52023,"NIA SPKK ,DR",TAMAN PURI BINTARO PB 33 NO.2 BINTARO JAYA SEKTOR 9 TANGSEL,519,REFAQUIN CREAM 15 GR,DOKTER,5,62600
M1N8984,7/12/2020,,52023,"NIA SPKK ,DR",TAMAN PURI BINTARO PB 33 NO.2 BINTARO JAYA SEKTOR 9 TANGSEL,4994,SKINBRIGHT A.AGING GOLD SERUM,DOKTER,5,112500
M1N8984,7/12/2020,,52023,"NIA SPKK ,DR",TAMAN PURI BINTARO PB 33 NO.2 BINTARO JAYA SEKTOR 9 TANGSEL,9685,SKINBRIGHT LIGHT CC CREAM NATU,DOKTER,5,59500
M1N8985,7/12/2020,,78129,"LIANAKA ,KLINIK",GD.CIBIS NINE THE VERANDA LG SP 09   (SAMPING INDOMARET SEBELAH MUSHOLAH)  CILANDAK TIMUR PASAR MINGGU   KEL.CILANDAK TI,1317,DESOLEX-N CREAM 10 GR,KLINIK,5,28500
M1N8989,7/12/2020,,88693,"DR. JOSES ,DR","VILLA BINTARO REGENCY J4/17, JALAN RIAU 3, PONDOK KACANG TIMUR, PONDOK AREN, TANGSEL",5065,GLIKODERM 10% AG CR 20 GR,DOKTER,1,36700
M1N8989,7/12/2020,,88693,"DR. JOSES ,DR","VILLA BINTARO REGENCY J4/17, JALAN RIAU 3, PONDOK KACANG TIMUR, PONDOK AREN, TANGSEL",195,MEDIKLIN GEL 15 GR,DOKTER,2,22900
M1N8989,7/12/2020,,88693,"DR. JOSES ,DR","VILLA BINTARO REGENCY J4/17, JALAN RIAU 3, PONDOK KACANG TIMUR, PONDOK AREN, TANGSEL",812,NIACEF GEL 15 GRAM,DOKTER,2,28700
M1N8989,7/12/2020,,88693,"DR. JOSES ,DR","VILLA BINTARO REGENCY J4/17, JALAN RIAU 3, PONDOK KACANG TIMUR, PONDOK AREN, TANGSEL",766,"VITACID 0,05% CREAM 20 GRAM",DOKTER,1,33800
M1N8989,7/12/2020,,88693,"DR. JOSES ,DR","VILLA BINTARO REGENCY J4/17, JALAN RIAU 3, PONDOK KACANG TIMUR, PONDOK AREN, TANGSEL",1006,"VITACID 0,1% CREAM 20 GR",DOKTER,2,43900
M1N8990,7/12/2020,,41945,"AVEIA CLINIC ,DR",JL.PURWOREJO NO.27 MENTENG -,2130,ERYMED CREAM 20 GR,DOKTER,10,28700
M1N8990,7/12/2020,,41945,"AVEIA CLINIC ,DR",JL.PURWOREJO NO.27 MENTENG -,519,REFAQUIN CREAM 15 GR,DOKTER,8,62600
M1N8992,7/12/2020,,42036,"ERAWITA,DR ,DR",JL.TEUKU CIK DITIRO NO.45A MENTENG -,1576,KLODERMA CREAM 10 GR,DOKTER,15,31625
M1N8992,7/12/2020,,42036,"ERAWITA,DR ,DR",JL.TEUKU CIK DITIRO NO.45A MENTENG -,829,KLODERMA OINT 10 GR,DOKTER,15,31625
M1N8992,7/12/2020,,42036,"ERAWITA,DR ,DR",JL.TEUKU CIK DITIRO NO.45A MENTENG -,2037,MEDICORT CREAM 10 GR,DOKTER,20,55300
M1N8992,7/12/2020,,42036,"ERAWITA,DR ,DR",JL.TEUKU CIK DITIRO NO.45A MENTENG -,2081,PIROTOP CREAM 10 GR,DOKTER,10,59600
M1N8992,7/12/2020,,42036,"ERAWITA,DR ,DR",JL.TEUKU CIK DITIRO NO.45A MENTENG -,1063,TEKASOL OINTMENT 10 GR,DOKTER,10,38150
M1N8992,7/12/2020,,42036,"ERAWITA,DR ,DR",JL.TEUKU CIK DITIRO NO.45A MENTENG -,4236,TOPICARE CLEANSER 90 ML,DOKTER,25,60500
M1N8998,7/12/2020,,59109,"CAROLINE BUDIMAN ,DR","SURVANA SUTERA CLUSTER HELIOS 3 NO.12   KEC.TANGERANG,KOTA TANGERANG  BANTEN  15117",829,KLODERMA OINT 10 GR,DOKTER,15,31625
M1N8998,7/12/2020,,59109,"CAROLINE BUDIMAN ,DR","SURVANA SUTERA CLUSTER HELIOS 3 NO.12   KEC.TANGERANG,KOTA TANGERANG  BANTEN  15117",4236,TOPICARE CLEANSER 90 ML,DOKTER,2,60500
M1N9001,7/12/2020,,54610,"DERMIS ,KLINIK","DERMIS SKIN SPECIALIST, GEDUNG KEMANG 88 LT.2 JL.KEMANG RAYA NO.88",5065,GLIKODERM 10% AG CR 20 GR,KLINIK,20,36700
M1N9009,7/12/2020,,45491,"DEVI AROFAH,DR ,DR",- -,861,MELANOX FORTE 4% CREAM 15 GRAM,DOKTER,3,31500
M1N9009,7/12/2020,,45491,"DEVI AROFAH,DR ,DR",- -,1006,"VITACID 0,1% CREAM 20 GR",DOKTER,7,43900
M1N9017,7/12/2020,,45491,"DEVI AROFAH,DR ,DR",- -,4124,GLIKODERM CFC PHA 100 ML,DOKTER,30,30650
M1N9017,7/12/2020,,45491,"DEVI AROFAH,DR ,DR",- -,4994,SKINBRIGHT A.AGING GOLD SERUM,DOKTER,3,112500
M1N9034,7/12/2020,,91890,"KLINIK MEDIKIDS ,DR",MALL PESONA SQUARE LT.3 . JLN IR JUANDA NO.99 BAKTIJAYA DEPOK,1009,"DESOLEX CREAM 10 GR 0,05%",KLINIK,10,22800
M1N9034,7/12/2020,,91890,"KLINIK MEDIKIDS ,DR",MALL PESONA SQUARE LT.3 . JLN IR JUANDA NO.99 BAKTIJAYA DEPOK,1585,MOFACORT CREAM 5 GR,KLINIK,5,34900
M1N9034,7/12/2020,,91890,"KLINIK MEDIKIDS ,DR",MALL PESONA SQUARE LT.3 . JLN IR JUANDA NO.99 BAKTIJAYA DEPOK,1439,"VITACID 0,025% CREAM 15 GR",KLINIK,1,23000
M1N9034,7/12/2020,,91890,"KLINIK MEDIKIDS ,DR",MALL PESONA SQUARE LT.3 . JLN IR JUANDA NO.99 BAKTIJAYA DEPOK,766,"VITACID 0,05% CREAM 20 GRAM",KLINIK,1,33800
M1N9038,7/12/2020,,41520,"FIEDYA WATI K ,DR",JL.PALEM LESTARI BLOK B17/16 CENGKARENG -,165,KETOMED GEL 15 GR,DOKTER,50,26200
M1N9038,7/12/2020,,41520,"FIEDYA WATI K ,DR",JL.PALEM LESTARI BLOK B17/16 CENGKARENG -,1576,KLODERMA CREAM 10 GR,DOKTER,20,31625
M1N9038,7/12/2020,,41520,"FIEDYA WATI K ,DR",JL.PALEM LESTARI BLOK B17/16 CENGKARENG -,812,NIACEF GEL 15 GRAM,DOKTER,50,28700
M1N9038,7/12/2020,,41520,"FIEDYA WATI K ,DR",JL.PALEM LESTARI BLOK B17/16 CENGKARENG -,1006,"VITACID 0,1% CREAM 20 GR",DOKTER,10,43900
M1N9043,7/12/2020,,41968,"DAULAT ,DR",APOTIK KELLYN MEDIKA JL.DANAU TOBA NO.28 A-B SAMARINDA -,7098,MEDSCAB CR 30GR,DOKTER,50,65450
M1N9046,7/12/2020,,78129,"LIANAKA ,KLINIK",GD.CIBIS NINE THE VERANDA LG SP 09   (SAMPING INDOMARET SEBELAH MUSHOLAH)  CILANDAK TIMUR PASAR MINGGU   KEL.CILANDAK TI,38,BENZOLAC CL GEL 10 GR,KLINIK,5,29100
M1N9051,7/12/2020,,42842,"KETUT INDRAYANI,DR ,DR",JL.DURIAN 3 NO.63 TANJUNG REDEB BERAU KALIMANTAN TIMUR -,5477,PARASOL SB CR SPF33 500GR (ORA,DOKTER,1,1238000
M1N9051,7/12/2020,,42842,"KETUT INDRAYANI,DR ,DR",JL.DURIAN 3 NO.63 TANJUNG REDEB BERAU KALIMANTAN TIMUR -,4994,SKINBRIGHT A.AGING GOLD SERUM,DOKTER,20,112500
M1N9051,7/12/2020,,42842,"KETUT INDRAYANI,DR ,DR",JL.DURIAN 3 NO.63 TANJUNG REDEB BERAU KALIMANTAN TIMUR -,5208,TOPICARE + CERAMIDE CR 100 GR,DOKTER,2,137500
M1N9071,7/12/2020,,83722,"PAMELLA DJAKARIA ,DR",LITE BEAUTY. RUKO GOLDEN ROAD BLOK C30 /23 A ( BELAKANG ITC BSD ),4198,GLIKODERM 8 MOIST CR 20 GR,DOKTER,10,15500
M1N9073,7/12/2020,,41933,"ALWI WIJAYA ,DR",JL.KEPODANG 1 BLOK CD1 NO.11 PONDOK SEJAHTERA KOTABUMI -,979,"BENZOLAC 2,5 GEL 5 GRAM",DOKTER,30,13350
M1N9073,7/12/2020,,41933,"ALWI WIJAYA ,DR",JL.KEPODANG 1 BLOK CD1 NO.11 PONDOK SEJAHTERA KOTABUMI -,2130,ERYMED CREAM 20 GR,DOKTER,25,28700
M1N9073,7/12/2020,,41933,"ALWI WIJAYA ,DR",JL.KEPODANG 1 BLOK CD1 NO.11 PONDOK SEJAHTERA KOTABUMI -,4045,GLIKODERM CFC 100 ML,DOKTER,50,24750
M1N9073,7/12/2020,,41933,"ALWI WIJAYA ,DR",JL.KEPODANG 1 BLOK CD1 NO.11 PONDOK SEJAHTERA KOTABUMI -,195,MEDIKLIN GEL 15 GR,DOKTER,15,22900
M1N9073,7/12/2020,,41933,"ALWI WIJAYA ,DR",JL.KEPODANG 1 BLOK CD1 NO.11 PONDOK SEJAHTERA KOTABUMI -,4046,PARASOL SUNBLOCK GEL 20 GR,DOKTER,20,18700
M1N9076,7/12/2020,,40340,"SAKTI MEDIKA,KL (AN.DR.TINA WARDHANI) ,K",JL.TEBET BARAT 1 NO.5 -,4994,SKINBRIGHT A.AGING GOLD SERUM,DOKTER,100,112500
M1N9078,7/12/2020,,87985,"REZA MAYASARI SPDV ,DR",JL.GENTAYU NO 49 RT 005 KEPUTRAAN LUBUK LINGGAU BARAT 2 KOTA LUBUK LINGGAU,4044,GLIKODERM CFC 2% GLYCOLIC ACID,DOKTER,20,40000
M1N9078,7/12/2020,,87985,"REZA MAYASARI SPDV ,DR",JL.GENTAYU NO 49 RT 005 KEPUTRAAN LUBUK LINGGAU BARAT 2 KOTA LUBUK LINGGAU,D706,HYALUDERM SERUM 15ML,DOKTER,5,99000
M1N9078,7/12/2020,,87985,"REZA MAYASARI SPDV ,DR",JL.GENTAYU NO 49 RT 005 KEPUTRAAN LUBUK LINGGAU BARAT 2 KOTA LUBUK LINGGAU,8136,SKINBRIGHT LIP TREATMENT MOIST,DOKTER,2,75000
M1N9103,7/12/2020,,54610,"DERMIS ,KLINIK","DERMIS SKIN SPECIALIST, GEDUNG KEMANG 88 LT.2 JL.KEMANG RAYA NO.88",6564,HELIATECH SUNSCR SPF45 LOT 30M,KLINIK,10,72500
M1N9103,7/12/2020,,54610,"DERMIS ,KLINIK","DERMIS SKIN SPECIALIST, GEDUNG KEMANG 88 LT.2 JL.KEMANG RAYA NO.88",1478,MOFACORT CREAM 10 GR,KLINIK,20,66550
M1N9103,7/12/2020,,54610,"DERMIS ,KLINIK","DERMIS SKIN SPECIALIST, GEDUNG KEMANG 88 LT.2 JL.KEMANG RAYA NO.88",4043,PIROTOP OINT 10 GR,KLINIK,3,65600
M1N9103,7/12/2020,,54610,"DERMIS ,KLINIK","DERMIS SKIN SPECIALIST, GEDUNG KEMANG 88 LT.2 JL.KEMANG RAYA NO.88",B786,"VITACID GEL 0,1% 20GR",KLINIK,6,64950
M1N9104,7/12/2020,,40340,"SAKTI MEDIKA,KL (AN.DR.TINA WARDHANI) ,K",JL.TEBET BARAT 1 NO.5 -,4236,TOPICARE CLEANSER 90 ML,DOKTER,20,60500
M1N9107,7/12/2020,,73823,"DIAH ARTANTI ,DR","KLINIK DERMALUX SKIN CLINIC JL.MANGGA BESAR VIII NO.12Q TAMAN SARIKEL.TAMAN SARI, KEC.TAMAN SARI,KOTA JAKARTA BARATDKI J",1009,"DESOLEX CREAM 10 GR 0,05%",DOKTER,10,22800
M1N9119,7/12/2020,,70528,"LIANA DEWI SUHADI  ,DR","RUKO GOLDEN 8 JL.PANJANG NO.8 C RT.005/011KEDOYA , KEC.KEBON JERUK,KOTA JAKARTA BARATDKI JAKARTA11520",291,REGROU 2% SOLUTION 30 ML,DOKTER,3,55100
M1N9119,7/12/2020,,70528,"LIANA DEWI SUHADI  ,DR","RUKO GOLDEN 8 JL.PANJANG NO.8 C RT.005/011KEDOYA , KEC.KEBON JERUK,KOTA JAKARTA BARATDKI JAKARTA11520",292,REGROU FORTE SOLUTION 30 ML,DOKTER,5,98850
M1N9120,7/12/2020,,70528,"LIANA DEWI SUHADI  ,DR","RUKO GOLDEN 8 JL.PANJANG NO.8 C RT.005/011KEDOYA , KEC.KEBON JERUK,KOTA JAKARTA BARATDKI JAKARTA11520",1738,CARMED 20% CREAM 40 GR,DOKTER,10,37300
M1N9125,7/12/2020,,61507,"CLEVERIA JESSIKA ,DR",JL.BENGRAH RT.04 RW.10 NO.19 CIJANTUNG -,4994,SKINBRIGHT A.AGING GOLD SERUM,DOKTER,10,112500
M1N9126,7/12/2020,,88878,"FIKA ,DR",JL. RAYA CILEGON KM. 2 PANDEAN -,4208,GLIKODERM SKIN TONER 1000ML PH,DOKTER,1,173700
M1N9127,7/12/2020,,87294,"PT. AYURISTA BERKAH ABADI ,PT",KOMPLEK HARMONI MAS BLOK D NO 25. JL TERUSAN BANDENGAN UTARA. JEMBATAN DUA. JKT UTARA 14450,5208,TOPICARE + CERAMIDE CR 100 GR,KLINIK,10,137500
M1N9128,7/12/2020,,43978,"NUR RAHMAH ,DR",JL.PUEBONGO NO.14 (AZZAHRA SKIN CLINIC) PALU  SULAWESI TENGAH  94222,C390,HYALUDERM FACE MOIST CR 15GR,DOKTER,15,93500
M1N9131,7/12/2020,,45531,"RIZAL NURDIN,BP",KOMP.BUKIT SEJAHTERA BLOK G NO.08 SUMATERA SELATAN 30149,292,REGROU FORTE SOLUTION 30 ML,END USER,1,98850
M1N9144,7/12/2020,,40544,"QATRA,DR,SPKK ,DR",JL.DEWI SARTIKA NO.198 B CAWANG -,195,MEDIKLIN GEL 15 GR,DOKTER,67,22900
M1N9149,7/12/2020,,55632,"WANG SURYANI ,DR",PT.SOLUDERMA ESTETIKA INDONESIA MALL PIK AVENUE LT.6 KANTOR CRE8 WORKING SPACE,519,REFAQUIN CREAM 15 GR,DOKTER,10,62600
M1N9149,7/12/2020,,55632,"WANG SURYANI ,DR",PT.SOLUDERMA ESTETIKA INDONESIA MALL PIK AVENUE LT.6 KANTOR CRE8 WORKING SPACE,B786,"VITACID GEL 0,1% 20GR",DOKTER,9,64950
M1N9151,7/12/2020,,78622,"PROSSI ,KLINIK","KOMP.JATIBENING 1,JL.KRAKATAU NO.204A,PONDOK GEDE,BEKASI 17412  RT 13,RW 5",5021,PARASOL SUNBLOCK GEL 500 GR (T,KLINIK,1,433200
M1N9161,8/12/2020,,49835,"PT.SULICO ,PT",JL.WOLTER MONGINSIDI NO.32 RT.001 RW.006 PETOGOGAN KEBAYORANBARU,861,MELANOX FORTE 4% CREAM 15 GRAM,KLINIK,201,31500
M1N9172,8/12/2020,,49835,"PT.SULICO ,PT",JL.WOLTER MONGINSIDI NO.32 RT.001 RW.006 PETOGOGAN KEBAYORANBARU,5021,PARASOL SUNBLOCK GEL 500 GR (T,KLINIK,6,433200
M1N9182,8/12/2020,,41909,"NILA SANDRA PRIDADY ,DR",KAYU PUTIH SELATAN KAV.179 BALAP SEPEDA PULO MAS JAKARTA TIMUR,D706,HYALUDERM SERUM 15ML,DOKTER,2,99000
M1N9182,8/12/2020,,41909,"NILA SANDRA PRIDADY ,DR",KAYU PUTIH SELATAN KAV.179 BALAP SEPEDA PULO MAS JAKARTA TIMUR,1105,"REVIDERM 0,01 CREAM 15 GR",DOKTER,5,26350
M1N9183,8/12/2020,,59109,"CAROLINE BUDIMAN ,DR","SURVANA SUTERA CLUSTER HELIOS 3 NO.12   KEC.TANGERANG,KOTA TANGERANG  BANTEN  15117",829,KLODERMA OINT 10 GR,DOKTER,5,31625
M1N9186,8/12/2020,,54025,"AMBAR ,DR",PRAKTEK DR.HENDRO-DR.AMBAR CITRA INDAH CITY CLUSTER BUKIT BOUGENVILLE BLOK AI 00 NO.11 CILENGSI,4004,PARASOL CR WHITE SPF 33 GLUC 4,DOKTER,10,57250
M1N9186,8/12/2020,,54025,"AMBAR ,DR",PRAKTEK DR.HENDRO-DR.AMBAR CITRA INDAH CITY CLUSTER BUKIT BOUGENVILLE BLOK AI 00 NO.11 CILENGSI,9887,REFAQUIN CREAM 10GR,DOKTER,10,42500
M1N9187,8/12/2020,,81972,"SEC BSD TANGERANG ,KLINIK","JL. FORESTA 1 BUSINESS LOFT 1 NO. 11 BSD, TANGSEL -",195,MEDIKLIN GEL 15 GR,KLINIK,20,22900
M1N9187,8/12/2020,,81972,"SEC BSD TANGERANG ,KLINIK","JL. FORESTA 1 BUSINESS LOFT 1 NO. 11 BSD, TANGSEL -",196,MEDIKLIN TR GEL 15 GR,KLINIK,20,40300
M1N9187,8/12/2020,,81972,"SEC BSD TANGERANG ,KLINIK","JL. FORESTA 1 BUSINESS LOFT 1 NO. 11 BSD, TANGSEL -",812,NIACEF GEL 15 GRAM,KLINIK,20,28700
M1N9233,8/12/2020,,58257,"HENNI GUSTIAN ,DR",KLINIK ADELIA GRAHA MEDIKA JL.LETNAN MARZUKI RUKO NO.58-59 SIMPANG KODIM LAM LAHAT SUMSEL,D706,HYALUDERM SERUM 15ML,DOKTER,20,99000
M1N9234,8/12/2020,,40543,"NURHAYATI, SPKK ,DR",JL.TK RIA NO.33 RT.6/02 KELURAHAN TENGAH KRAMAT JATI -,1009,"DESOLEX CREAM 10 GR 0,05%",DOKTER,10,22800
M1N9234,8/12/2020,,40543,"NURHAYATI, SPKK ,DR",JL.TK RIA NO.33 RT.6/02 KELURAHAN TENGAH KRAMAT JATI -,1317,DESOLEX-N CREAM 10 GR,DOKTER,20,28500
M1N9234,8/12/2020,,40543,"NURHAYATI, SPKK ,DR",JL.TK RIA NO.33 RT.6/02 KELURAHAN TENGAH KRAMAT JATI -,195,MEDIKLIN GEL 15 GR,DOKTER,30,22900
M1N9234,8/12/2020,,40543,"NURHAYATI, SPKK ,DR",JL.TK RIA NO.33 RT.6/02 KELURAHAN TENGAH KRAMAT JATI -,812,NIACEF GEL 15 GRAM,DOKTER,20,28700
M1N9234,8/12/2020,,40543,"NURHAYATI, SPKK ,DR",JL.TK RIA NO.33 RT.6/02 KELURAHAN TENGAH KRAMAT JATI -,1439,"VITACID 0,025% CREAM 15 GR",DOKTER,20,23000
M1N9234,8/12/2020,,40543,"NURHAYATI, SPKK ,DR",JL.TK RIA NO.33 RT.6/02 KELURAHAN TENGAH KRAMAT JATI -,766,"VITACID 0,05% CREAM 20 GRAM",DOKTER,10,33800
M1N9239,8/12/2020,,40950,"ELLY ESTHER C.OROH,SPKK ,DR",PERUM ANGGREK RESIDENCE BLOK BC NO.2 BSD SERPONG -,2130,ERYMED CREAM 20 GR,DOKTER,6,28700
M1N9239,8/12/2020,,40950,"ELLY ESTHER C.OROH,SPKK ,DR",PERUM ANGGREK RESIDENCE BLOK BC NO.2 BSD SERPONG -,C390,HYALUDERM FACE MOIST CR 15GR,DOKTER,3,93500
M1N9239,8/12/2020,,40950,"ELLY ESTHER C.OROH,SPKK ,DR",PERUM ANGGREK RESIDENCE BLOK BC NO.2 BSD SERPONG -,5208,TOPICARE + CERAMIDE CR 100 GR,DOKTER,3,137500
M1N9239,8/12/2020,,40950,"ELLY ESTHER C.OROH,SPKK ,DR",PERUM ANGGREK RESIDENCE BLOK BC NO.2 BSD SERPONG -,329,"VITACID 0,025% GELL 20 GR",DOKTER,6,23000
M1N9239,8/12/2020,,40950,"ELLY ESTHER C.OROH,SPKK ,DR",PERUM ANGGREK RESIDENCE BLOK BC NO.2 BSD SERPONG -,B785,"VITACID GEL 0,05% 20GR",DOKTER,6,49500
M1N9239,8/12/2020,,40950,"ELLY ESTHER C.OROH,SPKK ,DR",PERUM ANGGREK RESIDENCE BLOK BC NO.2 BSD SERPONG -,330,VITACID LOTION 50 ML,DOKTER,3,46600
M1N9248,8/12/2020,,41863,"C(E)K ,KLINIK",JL.CIKAJANG NO.34 KEBAYORAN BARU -,2130,ERYMED CREAM 20 GR,KLINIK,5,28700
M1N9248,8/12/2020,,41863,"C(E)K ,KLINIK",JL.CIKAJANG NO.34 KEBAYORAN BARU -,1139,KETOMED CREAM 15 GR,KLINIK,10,26200
M1N9248,8/12/2020,,41863,"C(E)K ,KLINIK",JL.CIKAJANG NO.34 KEBAYORAN BARU -,829,KLODERMA OINT 10 GR,KLINIK,10,31625
M1N9248,8/12/2020,,41863,"C(E)K ,KLINIK",JL.CIKAJANG NO.34 KEBAYORAN BARU -,1478,MOFACORT CREAM 10 GR,KLINIK,15,66550
M1N9248,8/12/2020,,41863,"C(E)K ,KLINIK",JL.CIKAJANG NO.34 KEBAYORAN BARU -,2081,PIROTOP CREAM 10 GR,KLINIK,5,59600
M1N9248,8/12/2020,,41863,"C(E)K ,KLINIK",JL.CIKAJANG NO.34 KEBAYORAN BARU -,298,SAGALON CREAM 10 GR,KLINIK,10,36650
M1N9248,8/12/2020,,41863,"C(E)K ,KLINIK",JL.CIKAJANG NO.34 KEBAYORAN BARU -,1439,"VITACID 0,025% CREAM 15 GR",KLINIK,2,23000
M1N9248,8/12/2020,,41863,"C(E)K ,KLINIK",JL.CIKAJANG NO.34 KEBAYORAN BARU -,1006,"VITACID 0,1% CREAM 20 GR",KLINIK,2,43900
M1N9264,8/12/2020,,82578,"DARMAWAN ,DR","JALAN PEKAPURAN VIII NO.11 RT.4/RW.5, TAMBORA, KEC TAMBORA, KOTA JAKARTA BARAT, DKI JAKARTA 11220.",C390,HYALUDERM FACE MOIST CR 15GR,DOKTER,10,93500
M1N9269,8/12/2020,,91925,"MONICA ,DR","APOTEK HARMONI SEHAT. RUKO PERMATA NO. 3. JL.SOLIHIN GP KM. 4 RT. 08 RW. 03. KEL. GAJAH MADA, PANGKAL PINANG, RANGKUI, B",5362,GLIKODERM 20 SOLUTION 30 ML,DOKTER,1,83600
M1N9269,8/12/2020,,91925,"MONICA ,DR","APOTEK HARMONI SEHAT. RUKO PERMATA NO. 3. JL.SOLIHIN GP KM. 4 RT. 08 RW. 03. KEL. GAJAH MADA, PANGKAL PINANG, RANGKUI, B",5376,GLIKODERM 35 SOLUTION 30 ML,DOKTER,4,131000
M1N9279,8/12/2020,,42019,"JIMI CHANDRA ,DR",ESSENS SKIN DERMATOVENEREOLOGY JL.CIPETE RAYA NO.7BC CIPETE CILANDAK,1009,"DESOLEX CREAM 10 GR 0,05%",DOKTER,20,22800
M1N9279,8/12/2020,,42019,"JIMI CHANDRA ,DR",ESSENS SKIN DERMATOVENEREOLOGY JL.CIPETE RAYA NO.7BC CIPETE CILANDAK,1950,ERYMED GEL 15 GR,DOKTER,20,28700
M1N9279,8/12/2020,,42019,"JIMI CHANDRA ,DR",ESSENS SKIN DERMATOVENEREOLOGY JL.CIPETE RAYA NO.7BC CIPETE CILANDAK,6564,HELIATECH SUNSCR SPF45 LOT 30M,DOKTER,20,72500
M1N9279,8/12/2020,,42019,"JIMI CHANDRA ,DR",ESSENS SKIN DERMATOVENEREOLOGY JL.CIPETE RAYA NO.7BC CIPETE CILANDAK,D706,HYALUDERM SERUM 15ML,DOKTER,10,99000
M1N9279,8/12/2020,,42019,"JIMI CHANDRA ,DR",ESSENS SKIN DERMATOVENEREOLOGY JL.CIPETE RAYA NO.7BC CIPETE CILANDAK,195,MEDIKLIN GEL 15 GR,DOKTER,20,22900
M1N9279,8/12/2020,,42019,"JIMI CHANDRA ,DR",ESSENS SKIN DERMATOVENEREOLOGY JL.CIPETE RAYA NO.7BC CIPETE CILANDAK,812,NIACEF GEL 15 GRAM,DOKTER,5,28700
M1N9279,8/12/2020,,42019,"JIMI CHANDRA ,DR",ESSENS SKIN DERMATOVENEREOLOGY JL.CIPETE RAYA NO.7BC CIPETE CILANDAK,5257,PARASOL SB CR SPF 33 20 GR (OR,DOKTER,10,51300
M1N9296,8/12/2020,,87184,"FANTI YULIANTI ,DR",TAMAN GRAHA ASRI BLOK EE 5 NO 1 SERANG BANTEN RT. 004/027 -,B327,LUMINEUX PURIFYING FC.WASH 100,DOKTER,20,69000
M1N9297,8/12/2020,,83325,"FITRIA ,DR",KLINIK ANDRI MEDISTRA. JL. RAYA SERANG-CIRUAS RT. 02. RW 01. KP. PELAWAD CIRUAS SERANG KODE POS 42182,1625,MEDIKLIN SOLUTION 30 ML,DOKTER,5,42350
M1N9297,8/12/2020,,83325,"FITRIA ,DR",KLINIK ANDRI MEDISTRA. JL. RAYA SERANG-CIRUAS RT. 02. RW 01. KP. PELAWAD CIRUAS SERANG KODE POS 42182,197,MEDIQUIN CREAM 15 GR,DOKTER,3,30000
M1N9297,8/12/2020,,83325,"FITRIA ,DR",KLINIK ANDRI MEDISTRA. JL. RAYA SERANG-CIRUAS RT. 02. RW 01. KP. PELAWAD CIRUAS SERANG KODE POS 42182,861,MELANOX FORTE 4% CREAM 15 GRAM,DOKTER,5,31500
M1N9297,8/12/2020,,83325,"FITRIA ,DR",KLINIK ANDRI MEDISTRA. JL. RAYA SERANG-CIRUAS RT. 02. RW 01. KP. PELAWAD CIRUAS SERANG KODE POS 42182,5257,PARASOL SB CR SPF 33 20 GR (OR,DOKTER,5,51300
M1N9298,8/12/2020,,40074,"MARIA GRACIA ,DR",JL.TANJUNG DUREN BARAT V NO.14 JAKARTA BARAT,4046,PARASOL SUNBLOCK GEL 20 GR,DOKTER,20,18700
M1N9299,8/12/2020,,75566,"LISA A HUSEN ,DR",APOTEK KHARIS MEDIKA  RUKO AZORES BLOK B7D 16   JL.WIJAYA KUSUMA PORIS PLAWAD INDAH CIPONDOH  KOTA TANGERANG  BANTEN  15,165,KETOMED GEL 15 GR,DOKTER,5,26200
M1N9299,8/12/2020,,75566,"LISA A HUSEN ,DR",APOTEK KHARIS MEDIKA  RUKO AZORES BLOK B7D 16   JL.WIJAYA KUSUMA PORIS PLAWAD INDAH CIPONDOH  KOTA TANGERANG  BANTEN  15,1576,KLODERMA CREAM 10 GR,DOKTER,3,31625
M1N9299,8/12/2020,,75566,"LISA A HUSEN ,DR",APOTEK KHARIS MEDIKA  RUKO AZORES BLOK B7D 16   JL.WIJAYA KUSUMA PORIS PLAWAD INDAH CIPONDOH  KOTA TANGERANG  BANTEN  15,2141,KLODERMA CREAM 5 GR,DOKTER,3,20350
M1N9299,8/12/2020,,75566,"LISA A HUSEN ,DR",APOTEK KHARIS MEDIKA  RUKO AZORES BLOK B7D 16   JL.WIJAYA KUSUMA PORIS PLAWAD INDAH CIPONDOH  KOTA TANGERANG  BANTEN  15,829,KLODERMA OINT 10 GR,DOKTER,5,31625
M1N9299,8/12/2020,,75566,"LISA A HUSEN ,DR",APOTEK KHARIS MEDIKA  RUKO AZORES BLOK B7D 16   JL.WIJAYA KUSUMA PORIS PLAWAD INDAH CIPONDOH  KOTA TANGERANG  BANTEN  15,2142,KLODERMA OINT 5 GR,DOKTER,5,20350
M1N9299,8/12/2020,,75566,"LISA A HUSEN ,DR",APOTEK KHARIS MEDIKA  RUKO AZORES BLOK B7D 16   JL.WIJAYA KUSUMA PORIS PLAWAD INDAH CIPONDOH  KOTA TANGERANG  BANTEN  15,519,REFAQUIN CREAM 15 GR,DOKTER,5,62600
M1N9302,8/12/2020,,86852,"ENIK ,DR",PERUMAHAN METRO CILEGON. CLUSTER METRO PRIMADONA BLOK A1 NO 18 CILEGON BANTEN,4994,SKINBRIGHT A.AGING GOLD SERUM,DOKTER,10,112500
M1N9307,8/12/2020,,40543,"NURHAYATI, SPKK ,DR",JL.TK RIA NO.33 RT.6/02 KELURAHAN TENGAH KRAMAT JATI -,1576,KLODERMA CREAM 10 GR,DOKTER,100,31625
M1N9330,8/12/2020,,40730,"IORA DERMAJAYA UTAMA ,PT",IORA DERMATOLOGY CLINIC JL.ADHYAKSA IX NO.8 LEBAK BULUS JAKARTA SELATAN,812,NIACEF GEL 15 GRAM,DOKTER,20,28700
M1N9330,8/12/2020,,40730,"IORA DERMAJAYA UTAMA ,PT",IORA DERMATOLOGY CLINIC JL.ADHYAKSA IX NO.8 LEBAK BULUS JAKARTA SELATAN,4768,PARASOL SB CR WHITE 20 GR,DOKTER,74,37200
M1N9330,8/12/2020,,40730,"IORA DERMAJAYA UTAMA ,PT",IORA DERMATOLOGY CLINIC JL.ADHYAKSA IX NO.8 LEBAK BULUS JAKARTA SELATAN,4046,PARASOL SUNBLOCK GEL 20 GR,DOKTER,50,18700
M1N9338,8/12/2020,,41863,"C(E)K ,KLINIK",JL.CIKAJANG NO.34 KEBAYORAN BARU -,829,KLODERMA OINT 10 GR,KLINIK,5,31625
M1N9340,8/12/2020,,42019,"JIMI CHANDRA ,DR",ESSENS SKIN DERMATOVENEREOLOGY JL.CIPETE RAYA NO.7BC CIPETE CILANDAK,1009,"DESOLEX CREAM 10 GR 0,05%",DOKTER,20,22800
M1N9340,8/12/2020,,42019,"JIMI CHANDRA ,DR",ESSENS SKIN DERMATOVENEREOLOGY JL.CIPETE RAYA NO.7BC CIPETE CILANDAK,195,MEDIKLIN GEL 15 GR,DOKTER,80,22900
M1N9340,8/12/2020,,42019,"JIMI CHANDRA ,DR",ESSENS SKIN DERMATOVENEREOLOGY JL.CIPETE RAYA NO.7BC CIPETE CILANDAK,812,NIACEF GEL 15 GRAM,DOKTER,95,28700
M1N9373,10/12/2020,,79485,"ANGGANA FIKA SPKK ,DR","GRAHA RAYA CLUSTER ANGGREK LOKA BLOK A1 NO. 34, PAKUJAYA SERPONG UTARA.",38,BENZOLAC CL GEL 10 GR,DOKTER,5,29100
M1N9373,10/12/2020,,79485,"ANGGANA FIKA SPKK ,DR","GRAHA RAYA CLUSTER ANGGREK LOKA BLOK A1 NO. 34, PAKUJAYA SERPONG UTARA.",1950,ERYMED GEL 15 GR,DOKTER,4,28700
M1N9373,10/12/2020,,79485,"ANGGANA FIKA SPKK ,DR","GRAHA RAYA CLUSTER ANGGREK LOKA BLOK A1 NO. 34, PAKUJAYA SERPONG UTARA.",195,MEDIKLIN GEL 15 GR,DOKTER,4,22900
M1N9373,10/12/2020,,79485,"ANGGANA FIKA SPKK ,DR","GRAHA RAYA CLUSTER ANGGREK LOKA BLOK A1 NO. 34, PAKUJAYA SERPONG UTARA.",196,MEDIKLIN TR GEL 15 GR,DOKTER,4,40300
M1N9373,10/12/2020,,79485,"ANGGANA FIKA SPKK ,DR","GRAHA RAYA CLUSTER ANGGREK LOKA BLOK A1 NO. 34, PAKUJAYA SERPONG UTARA.",812,NIACEF GEL 15 GRAM,DOKTER,8,28700
M1N9377,10/12/2020,,83722,"PAMELLA DJAKARIA ,DR",LITE BEAUTY. RUKO GOLDEN ROAD BLOK C30 /23 A ( BELAKANG ITC BSD ),4125,GLIKODERM MILK CLEANSER 100 ML,DOKTER,10,20250
M1N9377,10/12/2020,,83722,"PAMELLA DJAKARIA ,DR",LITE BEAUTY. RUKO GOLDEN ROAD BLOK C30 /23 A ( BELAKANG ITC BSD ),B327,LUMINEUX PURIFYING FC.WASH 100,DOKTER,3,69000
M1N9379,10/12/2020,,41945,"AVEIA CLINIC ,DR",JL.PURWOREJO NO.27 MENTENG -,828,KETOMED SS 60 ML,DOKTER,3,40100
M1N9380,10/12/2020,,41945,"AVEIA CLINIC ,DR",JL.PURWOREJO NO.27 MENTENG -,D706,HYALUDERM SERUM 15ML,DOKTER,5,99000
M1N9381,10/12/2020,,42728,"RYSKA SEPTIANI,DR ,DR",RUKO GSA BLOK B NO.8DC LT.2 PERFECTION CENTRAL K JL.S PARMAN,5831,SKINBRIGHT LP OS BEIGE,DOKTER,2,67500
M1N9393,10/12/2020,,41025,"CYNTHIA ,DR",JL.REMBANG 4A MENTENG -,38,BENZOLAC CL GEL 10 GR,DOKTER,4,29100
M1N9393,10/12/2020,,41025,"CYNTHIA ,DR",JL.REMBANG 4A MENTENG -,2130,ERYMED CREAM 20 GR,DOKTER,2,28700
M1N9393,10/12/2020,,41025,"CYNTHIA ,DR",JL.REMBANG 4A MENTENG -,812,NIACEF GEL 15 GRAM,DOKTER,3,28700
M1N9393,10/12/2020,,41025,"CYNTHIA ,DR",JL.REMBANG 4A MENTENG -,2081,PIROTOP CREAM 10 GR,DOKTER,4,59600
M1N9406,10/12/2020,,83722,"PAMELLA DJAKARIA ,DR",LITE BEAUTY. RUKO GOLDEN ROAD BLOK C30 /23 A ( BELAKANG ITC BSD ),5362,GLIKODERM 20 SOLUTION 30 ML,DOKTER,1,83600
M1N9406,10/12/2020,,83722,"PAMELLA DJAKARIA ,DR",LITE BEAUTY. RUKO GOLDEN ROAD BLOK C30 /23 A ( BELAKANG ITC BSD ),5198,GLIKODERM PEEL NEUTRALIZER 200,DOKTER,1,82500
M1N9407,10/12/2020,,83722,"PAMELLA DJAKARIA ,DR",LITE BEAUTY. RUKO GOLDEN ROAD BLOK C30 /23 A ( BELAKANG ITC BSD ),5362,GLIKODERM 20 SOLUTION 30 ML,DOKTER,1,83600
M1N9407,10/12/2020,,83722,"PAMELLA DJAKARIA ,DR",LITE BEAUTY. RUKO GOLDEN ROAD BLOK C30 /23 A ( BELAKANG ITC BSD ),5336,GLIKODERM 50 SOLUTION 30 ML,DOKTER,1,193600
M1N9407,10/12/2020,,83722,"PAMELLA DJAKARIA ,DR",LITE BEAUTY. RUKO GOLDEN ROAD BLOK C30 /23 A ( BELAKANG ITC BSD ),5198,GLIKODERM PEEL NEUTRALIZER 200,DOKTER,1,82500
M1N9407,10/12/2020,,83722,"PAMELLA DJAKARIA ,DR",LITE BEAUTY. RUKO GOLDEN ROAD BLOK C30 /23 A ( BELAKANG ITC BSD ),1576,KLODERMA CREAM 10 GR,DOKTER,10,31625
M1N9408,10/12/2020,,42236,"WINDY,DR ,DR",APARTEMEN MENTENG SQUARE TOWER A LT.9 NO.33 -,829,KLODERMA OINT 10 GR,DOKTER,3,31625
M1N9408,10/12/2020,,42236,"WINDY,DR ,DR",APARTEMEN MENTENG SQUARE TOWER A LT.9 NO.33 -,195,MEDIKLIN GEL 15 GR,DOKTER,12,22900
M1N9408,10/12/2020,,42236,"WINDY,DR ,DR",APARTEMEN MENTENG SQUARE TOWER A LT.9 NO.33 -,1625,MEDIKLIN SOLUTION 30 ML,DOKTER,6,42350
M1N9408,10/12/2020,,42236,"WINDY,DR ,DR",APARTEMEN MENTENG SQUARE TOWER A LT.9 NO.33 -,812,NIACEF GEL 15 GRAM,DOKTER,12,28700
M1N9408,10/12/2020,,42236,"WINDY,DR ,DR",APARTEMEN MENTENG SQUARE TOWER A LT.9 NO.33 -,519,REFAQUIN CREAM 15 GR,DOKTER,30,62600
M1N9408,10/12/2020,,42236,"WINDY,DR ,DR",APARTEMEN MENTENG SQUARE TOWER A LT.9 NO.33 -,4994,SKINBRIGHT A.AGING GOLD SERUM,DOKTER,12,112500
M1N9408,10/12/2020,,42236,"WINDY,DR ,DR",APARTEMEN MENTENG SQUARE TOWER A LT.9 NO.33 -,B785,"VITACID GEL 0,05% 20GR",DOKTER,12,49500
M1N9408,10/12/2020,,42236,"WINDY,DR ,DR",APARTEMEN MENTENG SQUARE TOWER A LT.9 NO.33 -,B786,"VITACID GEL 0,1% 20GR",DOKTER,12,64950
M1N9409,10/12/2020,,40580,"SASA KHAIRUNISA ,DR",JL.SWADAYA II NO.48 PERUM GREEN JANNAH KAV F POLTANGAN TANJUNGBARAT,4124,GLIKODERM CFC PHA 100 ML,DOKTER,20,30650
M1N9409,10/12/2020,,40580,"SASA KHAIRUNISA ,DR",JL.SWADAYA II NO.48 PERUM GREEN JANNAH KAV F POLTANGAN TANJUNGBARAT,6564,HELIATECH SUNSCR SPF45 LOT 30M,DOKTER,10,72500
M1N9409,10/12/2020,,40580,"SASA KHAIRUNISA ,DR",JL.SWADAYA II NO.48 PERUM GREEN JANNAH KAV F POLTANGAN TANJUNGBARAT,5208,TOPICARE + CERAMIDE CR 100 GR,DOKTER,1,137500
M1N9410,10/12/2020,,79485,"ANGGANA FIKA SPKK ,DR","GRAHA RAYA CLUSTER ANGGREK LOKA BLOK A1 NO. 34, PAKUJAYA SERPONG UTARA.",4045,GLIKODERM CFC 100 ML,DOKTER,10,24750
M1N9410,10/12/2020,,79485,"ANGGANA FIKA SPKK ,DR","GRAHA RAYA CLUSTER ANGGREK LOKA BLOK A1 NO. 34, PAKUJAYA SERPONG UTARA.",6564,HELIATECH SUNSCR SPF45 LOT 30M,DOKTER,5,72500
M1N9411,10/12/2020,,52779,"GABY SYERLY,DR ,DR",YOUTH BEAUTY CLINIC JL.KEMANG SQUARE LT.I-13 JL.KEMANG RAYA N0 3A,195,MEDIKLIN GEL 15 GR,DOKTER,10,22900
M1N9411,10/12/2020,,52779,"GABY SYERLY,DR ,DR",YOUTH BEAUTY CLINIC JL.KEMANG SQUARE LT.I-13 JL.KEMANG RAYA N0 3A,2081,PIROTOP CREAM 10 GR,DOKTER,10,59600
M1N9412,10/12/2020,,54610,"DERMIS ,KLINIK","DERMIS SKIN SPECIALIST, GEDUNG KEMANG 88 LT.2 JL.KEMANG RAYA NO.88",829,KLODERMA OINT 10 GR,KLINIK,3,31625
M1N9412,10/12/2020,,54610,"DERMIS ,KLINIK","DERMIS SKIN SPECIALIST, GEDUNG KEMANG 88 LT.2 JL.KEMANG RAYA NO.88",5830,SKINBRIGHT LP OS NATURAL,KLINIK,3,67500
M1N9423,10/12/2020,,40254,"YANI T IMAN ,DR",KLINIK MEDIVITA JL.KEBON JERUK RAYA NO.7 -,1009,"DESOLEX CREAM 10 GR 0,05%",DOKTER,20,22800
M1N9423,10/12/2020,,40254,"YANI T IMAN ,DR",KLINIK MEDIVITA JL.KEBON JERUK RAYA NO.7 -,195,MEDIKLIN GEL 15 GR,DOKTER,20,22900
M1N9424,10/12/2020,,41758,"TETI LOHO ,DR",POLI KULIT EKA HOSPITAL BSD CITY -,2130,ERYMED CREAM 20 GR,DOKTER,4,28700
M1N9424,10/12/2020,,41758,"TETI LOHO ,DR",POLI KULIT EKA HOSPITAL BSD CITY -,1950,ERYMED GEL 15 GR,DOKTER,4,28700
M1N9424,10/12/2020,,41758,"TETI LOHO ,DR",POLI KULIT EKA HOSPITAL BSD CITY -,4046,PARASOL SUNBLOCK GEL 20 GR,DOKTER,6,18700
M1N9424,10/12/2020,,41758,"TETI LOHO ,DR",POLI KULIT EKA HOSPITAL BSD CITY -,1439,"VITACID 0,025% CREAM 15 GR",DOKTER,4,23000
M1N9424,10/12/2020,,41758,"TETI LOHO ,DR",POLI KULIT EKA HOSPITAL BSD CITY -,1006,"VITACID 0,1% CREAM 20 GR",DOKTER,4,43900
M1N9425,10/12/2020,,42481,"ELLY ROSIANA,DR ,DR","CLUSTER ANGGREK BLOK B4/24 GRAHA RAYA BINTARO,PAKU JAYA,SERPONG",1576,KLODERMA CREAM 10 GR,DOKTER,6,31625
M1N9425,10/12/2020,,42481,"ELLY ROSIANA,DR ,DR","CLUSTER ANGGREK BLOK B4/24 GRAHA RAYA BINTARO,PAKU JAYA,SERPONG",2141,KLODERMA CREAM 5 GR,DOKTER,6,20350
M1N9425,10/12/2020,,42481,"ELLY ROSIANA,DR ,DR","CLUSTER ANGGREK BLOK B4/24 GRAHA RAYA BINTARO,PAKU JAYA,SERPONG",829,KLODERMA OINT 10 GR,DOKTER,4,31625
M1N9425,10/12/2020,,42481,"ELLY ROSIANA,DR ,DR","CLUSTER ANGGREK BLOK B4/24 GRAHA RAYA BINTARO,PAKU JAYA,SERPONG",2142,KLODERMA OINT 5 GR,DOKTER,6,20350
M1N9425,10/12/2020,,42481,"ELLY ROSIANA,DR ,DR","CLUSTER ANGGREK BLOK B4/24 GRAHA RAYA BINTARO,PAKU JAYA,SERPONG",1334,MELANOX 2% CREAM 15 GR,DOKTER,1,30000
M1N9425,10/12/2020,,42481,"ELLY ROSIANA,DR ,DR","CLUSTER ANGGREK BLOK B4/24 GRAHA RAYA BINTARO,PAKU JAYA,SERPONG",2628,PIROTOP CREAM 5 GR,DOKTER,4,37800
M1N9425,10/12/2020,,42481,"ELLY ROSIANA,DR ,DR","CLUSTER ANGGREK BLOK B4/24 GRAHA RAYA BINTARO,PAKU JAYA,SERPONG",503,VITAQUIN CREAM 15 GR,DOKTER,1,61600
M1N9433,10/12/2020,,40240,"GRIYA CINERE,KLINIK(DR.IRA BAMBANG) ,DR",JL.LIMO BLOK 49 NO.13 RUKO GRIYA CINERE 2 (DKT SUNSET CINERE),4045,GLIKODERM CFC 100 ML,KLINIK,5,24750
M1N9433,10/12/2020,,40240,"GRIYA CINERE,KLINIK(DR.IRA BAMBANG) ,DR",JL.LIMO BLOK 49 NO.13 RUKO GRIYA CINERE 2 (DKT SUNSET CINERE),4124,GLIKODERM CFC PHA 100 ML,KLINIK,2,30650
M1N9433,10/12/2020,,40240,"GRIYA CINERE,KLINIK(DR.IRA BAMBANG) ,DR",JL.LIMO BLOK 49 NO.13 RUKO GRIYA CINERE 2 (DKT SUNSET CINERE),4047,PARASOL SB CR WHITE SPF 33 20,KLINIK,3,51300
M1N9433,10/12/2020,,40240,"GRIYA CINERE,KLINIK(DR.IRA BAMBANG) ,DR",JL.LIMO BLOK 49 NO.13 RUKO GRIYA CINERE 2 (DKT SUNSET CINERE),4994,SKINBRIGHT A.AGING GOLD SERUM,KLINIK,2,112500
M1N9437,10/12/2020,,91435,"ASNAWI ,DR",JL.SILIWANGI NO.32 MC.TIMUR RANGKASBITUNG 42314 -,9684,MEDSCAB LOTION 30GR,DOKTER,15,63750
M1N9437,10/12/2020,,91435,"ASNAWI ,DR",JL.SILIWANGI NO.32 MC.TIMUR RANGKASBITUNG 42314 -,4043,PIROTOP OINT 10 GR,DOKTER,10,65600
M1N9446,10/12/2020,,43759,"ALMAIRA ,KLINIK",KLINIK ALMAIRA JL.BANGKA RAYA NO.27 -,6564,HELIATECH SUNSCR SPF45 LOT 30M,DOKTER,15,72500
M1N9448,10/12/2020,,83722,"PAMELLA DJAKARIA ,DR",LITE BEAUTY. RUKO GOLDEN ROAD BLOK C30 /23 A ( BELAKANG ITC BSD ),4125,GLIKODERM MILK CLEANSER 100 ML,DOKTER,10,20250
M1N9448,10/12/2020,,83722,"PAMELLA DJAKARIA ,DR",LITE BEAUTY. RUKO GOLDEN ROAD BLOK C30 /23 A ( BELAKANG ITC BSD ),B329,LUMINEUX MILK CLEANSER 100ML,DOKTER,3,37000
M1N9462,10/12/2020,,78622,"PROSSI ,KLINIK","KOMP.JATIBENING 1,JL.KRAKATAU NO.204A,PONDOK GEDE,BEKASI 17412  RT 13,RW 5",6564,HELIATECH SUNSCR SPF45 LOT 30M,KLINIK,10,72500
M1N9494,10/12/2020,,40765,"ERKA YULIASTUTI ,DR",KOMPLEK DEP.TAN JL.BATU 1 NO.25 PEJATEN TIMUR PS.MINGGU -,5376,GLIKODERM 35 SOLUTION 30 ML,DOKTER,2,131000
M1N9494,10/12/2020,,40765,"ERKA YULIASTUTI ,DR",KOMPLEK DEP.TAN JL.BATU 1 NO.25 PEJATEN TIMUR PS.MINGGU -,5198,GLIKODERM PEEL NEUTRALIZER 200,DOKTER,1,82500
M1N9495,10/12/2020,,48896,"PAMUDJI ,DR",JL.KO.H.BURLIAN NO.78 KM.8 PALEMBANG 30152 -,6564,HELIATECH SUNSCR SPF45 LOT 30M,DOKTER,160,72500
M1N9495,10/12/2020,,48896,"PAMUDJI ,DR",JL.KO.H.BURLIAN NO.78 KM.8 PALEMBANG 30152 -,C390,HYALUDERM FACE MOIST CR 15GR,DOKTER,40,93500
M1N9498,10/12/2020,,57364,"RIZKA SOFYANTI ,DR",KLINIK MEDI HEALTH JL.ASEM BARIS RAYA NO.3D TEBET -,979,"BENZOLAC 2,5 GEL 5 GRAM",DOKTER,200,13350
M1N9498,10/12/2020,,57364,"RIZKA SOFYANTI ,DR",KLINIK MEDI HEALTH JL.ASEM BARIS RAYA NO.3D TEBET -,38,BENZOLAC CL GEL 10 GR,DOKTER,100,29100
M1N9498,10/12/2020,,57364,"RIZKA SOFYANTI ,DR",KLINIK MEDI HEALTH JL.ASEM BARIS RAYA NO.3D TEBET -,2130,ERYMED CREAM 20 GR,DOKTER,40,28700
M1N9499,10/12/2020,,57364,"RIZKA SOFYANTI ,DR",KLINIK MEDI HEALTH JL.ASEM BARIS RAYA NO.3D TEBET -,1139,KETOMED CREAM 15 GR,DOKTER,100,26200
M1N9499,10/12/2020,,57364,"RIZKA SOFYANTI ,DR",KLINIK MEDI HEALTH JL.ASEM BARIS RAYA NO.3D TEBET -,829,KLODERMA OINT 10 GR,DOKTER,100,31625
M1N9500,10/12/2020,,57364,"RIZKA SOFYANTI ,DR",KLINIK MEDI HEALTH JL.ASEM BARIS RAYA NO.3D TEBET -,828,KETOMED SS 60 ML,DOKTER,50,40100
M1N9500,10/12/2020,,57364,"RIZKA SOFYANTI ,DR",KLINIK MEDI HEALTH JL.ASEM BARIS RAYA NO.3D TEBET -,1576,KLODERMA CREAM 10 GR,DOKTER,100,31625
M1N9500,10/12/2020,,57364,"RIZKA SOFYANTI ,DR",KLINIK MEDI HEALTH JL.ASEM BARIS RAYA NO.3D TEBET -,196,MEDIKLIN TR GEL 15 GR,DOKTER,50,40300
M1N9501,10/12/2020,,57364,"RIZKA SOFYANTI ,DR",KLINIK MEDI HEALTH JL.ASEM BARIS RAYA NO.3D TEBET -,519,REFAQUIN CREAM 15 GR,DOKTER,200,62600
M1N9502,10/12/2020,,57364,"RIZKA SOFYANTI ,DR",KLINIK MEDI HEALTH JL.ASEM BARIS RAYA NO.3D TEBET -,1723,DESOLEX LOTION 30 ML,DOKTER,50,50600
M1N9502,10/12/2020,,57364,"RIZKA SOFYANTI ,DR",KLINIK MEDI HEALTH JL.ASEM BARIS RAYA NO.3D TEBET -,5257,PARASOL SB CR SPF 33 20 GR (OR,DOKTER,50,51300
M1N9502,10/12/2020,,57364,"RIZKA SOFYANTI ,DR",KLINIK MEDI HEALTH JL.ASEM BARIS RAYA NO.3D TEBET -,5913,PARASOL SUNSCREEN CR 20GR (UNG,DOKTER,50,37200
M1N9502,10/12/2020,,57364,"RIZKA SOFYANTI ,DR",KLINIK MEDI HEALTH JL.ASEM BARIS RAYA NO.3D TEBET -,292,REGROU FORTE SOLUTION 30 ML,DOKTER,50,98850
M1N9503,10/12/2020,,57010,"WICHA ,DR",SEOUL SECRET DERMATOLOGI CLINIC JL.TEBET TIMUR DALAM RAYA NO.44A RT.1/9 TEBET,1009,"DESOLEX CREAM 10 GR 0,05%",DOKTER,50,22800
M1N9506,10/12/2020,,55032,"EVA CHRISTIANI,DR",JL.CIAMBAR NO.20 PARUNGKUDA SUKABUMI,5198,GLIKODERM PEEL NEUTRALIZER 200,DOKTER,2,82500
M1N9507,10/12/2020,,52327,"ELVIRA MARYANTI ,DR","VIRSKIN AESTHETIC CLINIQUE JL.HOS COKROAMINOTO NO.28 B/6  KEL.LARANGAN UTARA, KEC.LARANGAN,KOTA TANGERANG  BANTEN  15154",1950,ERYMED GEL 15 GR,DOKTER,1,28700
M1N9507,10/12/2020,,52327,"ELVIRA MARYANTI ,DR","VIRSKIN AESTHETIC CLINIQUE JL.HOS COKROAMINOTO NO.28 B/6  KEL.LARANGAN UTARA, KEC.LARANGAN,KOTA TANGERANG  BANTEN  15154",4045,GLIKODERM CFC 100 ML,DOKTER,5,24750
M1N9510,10/12/2020,,66741,"HARIANTO,DR ,DR",KLINIK ENKLA TAMAN DUTAMAS JL.KUSUMA 1A BLOK B2 NO.1 (ROLLINGGATEWARNAPINK),B785,"VITACID GEL 0,05% 20GR",DOKTER,5,49500
M1N9510,10/12/2020,,66741,"HARIANTO,DR ,DR",KLINIK ENKLA TAMAN DUTAMAS JL.KUSUMA 1A BLOK B2 NO.1 (ROLLINGGATEWARNAPINK),B786,"VITACID GEL 0,1% 20GR",DOKTER,3,64950
M1N9511,10/12/2020,,51858,"LUSI INDRANITA,DR ,DR",GRIYA SANGIANG MAS JL.BUNGARAYA 4 BS/27 RT.07/07 GEBONG RAYA PERIUK TANGERANG,B470,SKINBRIGHT LP LIGHT NATURAL 10,DOKTER,10,50000
M1N9512,10/12/2020,,42728,"RYSKA SEPTIANI,DR ,DR",RUKO GSA BLOK B NO.8DC LT.2 PERFECTION CENTRAL K JL.S PARMAN,292,REGROU FORTE SOLUTION 30 ML,DOKTER,1,98850
M1N9513,10/12/2020,,78622,"PROSSI ,KLINIK","KOMP.JATIBENING 1,JL.KRAKATAU NO.204A,PONDOK GEDE,BEKASI 17412  RT 13,RW 5",1317,DESOLEX-N CREAM 10 GR,KLINIK,10,28500
M1N9515,10/12/2020,,43309,"TISYA,DR ,DR","JL.GANDARIA I NO.52  KEL.GANDARIA UTARA, KEC.KEBAYORAN BARU,KOTA JAKARTA SELATAN  DKI JAKARTA  12140",292,REGROU FORTE SOLUTION 30 ML,DOKTER,50,98850
M1N9517,10/12/2020,,41883,"ELISSA ,DR",ELSKA KLINIK  SENTRA NIAGA PURI BLOK T6 NO.19   KOTA JAKARTA BARAT  DKI JAKARTA  11130,196,MEDIKLIN TR GEL 15 GR,DOKTER,10,40300
M1N9517,10/12/2020,,41883,"ELISSA ,DR",ELSKA KLINIK  SENTRA NIAGA PURI BLOK T6 NO.19   KOTA JAKARTA BARAT  DKI JAKARTA  11130,519,REFAQUIN CREAM 15 GR,DOKTER,10,62600
M1N9519,10/12/2020,,48896,"PAMUDJI ,DR",JL.KO.H.BURLIAN NO.78 KM.8 PALEMBANG 30152 -,1478,MOFACORT CREAM 10 GR,DOKTER,200,66550
M1N9520,10/12/2020,,42376,"YUNIRA SAFITRI ,DR","RSUD CENGKARENG LT.2 POLY STRAWBERRY   KEL.CENGKARENG TIMUR, KEC.CENGKARENG,KOTA JAKARTA BARAT  DKI JAKARTA  11730",5065,GLIKODERM 10% AG CR 20 GR,DOKTER,25,36700
M1N9520,10/12/2020,,42376,"YUNIRA SAFITRI ,DR","RSUD CENGKARENG LT.2 POLY STRAWBERRY   KEL.CENGKARENG TIMUR, KEC.CENGKARENG,KOTA JAKARTA BARAT  DKI JAKARTA  11730",4045,GLIKODERM CFC 100 ML,DOKTER,25,24750
M1N9520,10/12/2020,,42376,"YUNIRA SAFITRI ,DR","RSUD CENGKARENG LT.2 POLY STRAWBERRY   KEL.CENGKARENG TIMUR, KEC.CENGKARENG,KOTA JAKARTA BARAT  DKI JAKARTA  11730",4052,GLIKODERM SKIN TONER 100ML PHA,DOKTER,10,18000
M1N9521,10/12/2020,,42376,"YUNIRA SAFITRI ,DR","RSUD CENGKARENG LT.2 POLY STRAWBERRY   KEL.CENGKARENG TIMUR, KEC.CENGKARENG,KOTA JAKARTA BARAT  DKI JAKARTA  11730",6564,HELIATECH SUNSCR SPF45 LOT 30M,DOKTER,12,72500
M1N9521,10/12/2020,,42376,"YUNIRA SAFITRI ,DR","RSUD CENGKARENG LT.2 POLY STRAWBERRY   KEL.CENGKARENG TIMUR, KEC.CENGKARENG,KOTA JAKARTA BARAT  DKI JAKARTA  11730",812,NIACEF GEL 15 GRAM,DOKTER,4,28700
M1N9523,10/12/2020,,40254,"YANI T IMAN ,DR",KLINIK MEDIVITA JL.KEBON JERUK RAYA NO.7 -,1576,KLODERMA CREAM 10 GR,DOKTER,5,31625
M1N9523,10/12/2020,,40254,"YANI T IMAN ,DR",KLINIK MEDIVITA JL.KEBON JERUK RAYA NO.7 -,4043,PIROTOP OINT 10 GR,DOKTER,5,65600
M1N9528,10/12/2020,,41892,"BENNY WINATA ,DR",RUKO BUKIT DAMAI INDAH BLOK III NO.3 BALIKPAPAN,4356,PALENOX GEL 15 GR,DOKTER,10,53900
M1N9528,10/12/2020,,41892,"BENNY WINATA ,DR",RUKO BUKIT DAMAI INDAH BLOK III NO.3 BALIKPAPAN,4046,PARASOL SUNBLOCK GEL 20 GR,DOKTER,15,18700
M1N9528,10/12/2020,,41892,"BENNY WINATA ,DR",RUKO BUKIT DAMAI INDAH BLOK III NO.3 BALIKPAPAN,766,"VITACID 0,05% CREAM 20 GRAM",DOKTER,15,33800
M1N9528,10/12/2020,,41892,"BENNY WINATA ,DR",RUKO BUKIT DAMAI INDAH BLOK III NO.3 BALIKPAPAN,1006,"VITACID 0,1% CREAM 20 GR",DOKTER,15,43900
M1N9532,10/12/2020,,83262,"HUSNARIZAL ,DR","KLINIK NAUFAL DIANA 1. JL ARIA SANTIKA, KAMPUNG PASIR NANGKA RT 05 RW 02 KEC : TIGARAKSA KAB : TANGERANG BANTEN 15720",7098,MEDSCAB CR 30GR,DOKTER,6,65450
M1N9532,10/12/2020,,83262,"HUSNARIZAL ,DR","KLINIK NAUFAL DIANA 1. JL ARIA SANTIKA, KAMPUNG PASIR NANGKA RT 05 RW 02 KEC : TIGARAKSA KAB : TANGERANG BANTEN 15720",9684,MEDSCAB LOTION 30GR,DOKTER,6,63750
M1N9534,10/12/2020,,40261,"TITI.L SUGITO ,DR",JL.PONDOK HIJAU V NO.11 PONDOK INDAHKOTA JAKARTA SELATANDKI JAKARTA12440,766,"VITACID 0,05% CREAM 20 GRAM",DOKTER,20,33800
M1N9563,11/12/2020,,72301,"NORMALA HASAN ,DR","KLINIK AL HAKIM KENCANA LOKA SEKTOR XII BLOK DJL.BUANA KENCANA BSD RAWA BUNTU TANGSEL KEL.SERPONG, KEC.SERPONG,KOTA TANG",2037,MEDICORT CREAM 10 GR,DOKTER,1,55300
M1N9563,11/12/2020,,72301,"NORMALA HASAN ,DR","KLINIK AL HAKIM KENCANA LOKA SEKTOR XII BLOK DJL.BUANA KENCANA BSD RAWA BUNTU TANGSEL KEL.SERPONG, KEC.SERPONG,KOTA TANG",4994,SKINBRIGHT A.AGING GOLD SERUM,DOKTER,1,112500
M1N9565,11/12/2020,,90037,"KLINIK KELUARGA KU ,KLINIK","JL VERDI TIMUR CITRA RAYA TANGERANG, DESA DUKUH KECAMATAN CIKUPA TANGERANG BANTEN",7098,MEDSCAB CR 30GR,KLINIK,2,65450
M1N9565,11/12/2020,,90037,"KLINIK KELUARGA KU ,KLINIK","JL VERDI TIMUR CITRA RAYA TANGERANG, DESA DUKUH KECAMATAN CIKUPA TANGERANG BANTEN",2628,PIROTOP CREAM 5 GR,KLINIK,3,37800
M1N9566,11/12/2020,,41945,"AVEIA CLINIC ,DR",JL.PURWOREJO NO.27 MENTENG -,1576,KLODERMA CREAM 10 GR,DOKTER,8,31625
M1N9566,11/12/2020,,41945,"AVEIA CLINIC ,DR",JL.PURWOREJO NO.27 MENTENG -,292,REGROU FORTE SOLUTION 30 ML,DOKTER,2,98850
M1N9566,11/12/2020,,41945,"AVEIA CLINIC ,DR",JL.PURWOREJO NO.27 MENTENG -,4994,SKINBRIGHT A.AGING GOLD SERUM,DOKTER,3,112500
M1N9586,11/12/2020,,42958,"PAULINA TODING,DR ,DR",JL.MANUNGGAL 2 NO.310 KPAD JATI WARINGIN KALIMALANG JAKARTA TIMUR,1009,"DESOLEX CREAM 10 GR 0,05%",DOKTER,9,22800
M1N9586,11/12/2020,,42958,"PAULINA TODING,DR ,DR",JL.MANUNGGAL 2 NO.310 KPAD JATI WARINGIN KALIMALANG JAKARTA TIMUR,812,NIACEF GEL 15 GRAM,DOKTER,6,28700
M1N9586,11/12/2020,,42958,"PAULINA TODING,DR ,DR",JL.MANUNGGAL 2 NO.310 KPAD JATI WARINGIN KALIMALANG JAKARTA TIMUR,1439,"VITACID 0,025% CREAM 15 GR",DOKTER,5,23000
M1N9587,11/12/2020,,59813,"RAENDY RAYENDRA ,DR",JL.PADI NO.6 BARANANGSIANG BOGOR -,520,MELANOX ES 15 GR*,DOKTER,100,59900
M1N9592,11/12/2020,,42052,"HENNY GUNAWAN ,DR",JL.PLUIT KARANG UTARA NO.151 -,2628,PIROTOP CREAM 5 GR,DOKTER,15,37800
M1N9595,11/12/2020,,40288,"WENDA THUMEWA ,DR",BINTARO MULIA 1 NO.14 (SEBERANG GIANT VETERAN) -,4124,GLIKODERM CFC PHA 100 ML,DOKTER,15,30650
M1N9595,11/12/2020,,40288,"WENDA THUMEWA ,DR",BINTARO MULIA 1 NO.14 (SEBERANG GIANT VETERAN) -,292,REGROU FORTE SOLUTION 30 ML,DOKTER,3,98850
M1N9596,11/12/2020,,91091,"RENY FITRIANI ,DR","APOTEK ROXY PASAR BARU. KAWASAN KOMPLEK RUKO RAMAYANA JALAN MOH.TOHA NO.43 AB BLOK B, RT.001/RW.008, MARGASARI, KEC. KAR",2130,ERYMED CREAM 20 GR,DOKTER,2,28700
M1N9596,11/12/2020,,91091,"RENY FITRIANI ,DR","APOTEK ROXY PASAR BARU. KAWASAN KOMPLEK RUKO RAMAYANA JALAN MOH.TOHA NO.43 AB BLOK B, RT.001/RW.008, MARGASARI, KEC. KAR",1950,ERYMED GEL 15 GR,DOKTER,2,28700
M1N9596,11/12/2020,,91091,"RENY FITRIANI ,DR","APOTEK ROXY PASAR BARU. KAWASAN KOMPLEK RUKO RAMAYANA JALAN MOH.TOHA NO.43 AB BLOK B, RT.001/RW.008, MARGASARI, KEC. KAR",4045,GLIKODERM CFC 100 ML,DOKTER,2,24750
M1N9596,11/12/2020,,91091,"RENY FITRIANI ,DR","APOTEK ROXY PASAR BARU. KAWASAN KOMPLEK RUKO RAMAYANA JALAN MOH.TOHA NO.43 AB BLOK B, RT.001/RW.008, MARGASARI, KEC. KAR",4125,GLIKODERM MILK CLEANSER 100 ML,DOKTER,3,20250
M1N9596,11/12/2020,,91091,"RENY FITRIANI ,DR","APOTEK ROXY PASAR BARU. KAWASAN KOMPLEK RUKO RAMAYANA JALAN MOH.TOHA NO.43 AB BLOK B, RT.001/RW.008, MARGASARI, KEC. KAR",4052,GLIKODERM SKIN TONER 100ML PHA,DOKTER,3,18000
M1N9596,11/12/2020,,91091,"RENY FITRIANI ,DR","APOTEK ROXY PASAR BARU. KAWASAN KOMPLEK RUKO RAMAYANA JALAN MOH.TOHA NO.43 AB BLOK B, RT.001/RW.008, MARGASARI, KEC. KAR",B329,LUMINEUX MILK CLEANSER 100ML,DOKTER,1,37000
M1N9596,11/12/2020,,91091,"RENY FITRIANI ,DR","APOTEK ROXY PASAR BARU. KAWASAN KOMPLEK RUKO RAMAYANA JALAN MOH.TOHA NO.43 AB BLOK B, RT.001/RW.008, MARGASARI, KEC. KAR",4994,SKINBRIGHT A.AGING GOLD SERUM,DOKTER,2,112500
M1N9596,11/12/2020,,91091,"RENY FITRIANI ,DR","APOTEK ROXY PASAR BARU. KAWASAN KOMPLEK RUKO RAMAYANA JALAN MOH.TOHA NO.43 AB BLOK B, RT.001/RW.008, MARGASARI, KEC. KAR",B785,"VITACID GEL 0,05% 20GR",DOKTER,2,49500
M1N9615,11/12/2020,,71707,"BENI SANA PUTRA ,DR","JL.LOKAN DESA TANAH REKAKEL.KOTO JAYA, KEC.KOTA MUKOMUKO,KABUPATEN MUKOMUKOBENGKULU38765",7098,MEDSCAB CR 30GR,DOKTER,5,65450
M1N9615,11/12/2020,,71707,"BENI SANA PUTRA ,DR","JL.LOKAN DESA TANAH REKAKEL.KOTO JAYA, KEC.KOTA MUKOMUKO,KABUPATEN MUKOMUKOBENGKULU38765",9684,MEDSCAB LOTION 30GR,DOKTER,5,63750
M1N9615,11/12/2020,,71707,"BENI SANA PUTRA ,DR","JL.LOKAN DESA TANAH REKAKEL.KOTO JAYA, KEC.KOTA MUKOMUKO,KABUPATEN MUKOMUKOBENGKULU38765",1585,MOFACORT CREAM 5 GR,DOKTER,15,34900
M1N9615,11/12/2020,,71707,"BENI SANA PUTRA ,DR","JL.LOKAN DESA TANAH REKAKEL.KOTO JAYA, KEC.KOTA MUKOMUKO,KABUPATEN MUKOMUKOBENGKULU38765",2628,PIROTOP CREAM 5 GR,DOKTER,20,37800
M1N9644,11/12/2020,,40817,"AYURINI,IBU",PERUMAHAN PELITA AIR SERVICE NO.7 RT 01/02 BATU AMPAR KRAMAT JATI,812,NIACEF GEL 15 GRAM,END USER,1,28700
M1N9650,11/12/2020,,83830,"NYDIA AYU ULIMA ,DR","JL. MERDEKA NO 26, SAMBA DANUM, TUMBANG SMBA, KEC.KATINGAN TENGAH. KAB.KATINGAN. KALIMANTAN TENGAH 74454.",979,"BENZOLAC 2,5 GEL 5 GRAM",DOKTER,12,13350
M1N9650,11/12/2020,,83830,"NYDIA AYU ULIMA ,DR","JL. MERDEKA NO 26, SAMBA DANUM, TUMBANG SMBA, KEC.KATINGAN TENGAH. KAB.KATINGAN. KALIMANTAN TENGAH 74454.",1317,DESOLEX-N CREAM 10 GR,DOKTER,12,28500
M1N9650,11/12/2020,,83830,"NYDIA AYU ULIMA ,DR","JL. MERDEKA NO 26, SAMBA DANUM, TUMBANG SMBA, KEC.KATINGAN TENGAH. KAB.KATINGAN. KALIMANTAN TENGAH 74454.",1139,KETOMED CREAM 15 GR,DOKTER,24,26200
M1N9650,11/12/2020,,83830,"NYDIA AYU ULIMA ,DR","JL. MERDEKA NO 26, SAMBA DANUM, TUMBANG SMBA, KEC.KATINGAN TENGAH. KAB.KATINGAN. KALIMANTAN TENGAH 74454.",1576,KLODERMA CREAM 10 GR,DOKTER,12,31625
M1N9650,11/12/2020,,83830,"NYDIA AYU ULIMA ,DR","JL. MERDEKA NO 26, SAMBA DANUM, TUMBANG SMBA, KEC.KATINGAN TENGAH. KAB.KATINGAN. KALIMANTAN TENGAH 74454.",1585,MOFACORT CREAM 5 GR,DOKTER,12,34900
M1N9650,11/12/2020,,83830,"NYDIA AYU ULIMA ,DR","JL. MERDEKA NO 26, SAMBA DANUM, TUMBANG SMBA, KEC.KATINGAN TENGAH. KAB.KATINGAN. KALIMANTAN TENGAH 74454.",298,SAGALON CREAM 10 GR,DOKTER,6,36650
M1N9677,11/12/2020,,83325,"FITRIA ,DR",KLINIK ANDRI MEDISTRA. JL. RAYA SERANG-CIRUAS RT. 02. RW 01. KP. PELAWAD CIRUAS SERANG KODE POS 42182,1009,"DESOLEX CREAM 10 GR 0,05%",DOKTER,10,22800
M1N9677,11/12/2020,,83325,"FITRIA ,DR",KLINIK ANDRI MEDISTRA. JL. RAYA SERANG-CIRUAS RT. 02. RW 01. KP. PELAWAD CIRUAS SERANG KODE POS 42182,1723,DESOLEX LOTION 30 ML,DOKTER,10,50600
M1N9677,11/12/2020,,83325,"FITRIA ,DR",KLINIK ANDRI MEDISTRA. JL. RAYA SERANG-CIRUAS RT. 02. RW 01. KP. PELAWAD CIRUAS SERANG KODE POS 42182,2922,DESOLEX OINTMENT 10 GR,DOKTER,10,22800
M1N9677,11/12/2020,,83325,"FITRIA ,DR",KLINIK ANDRI MEDISTRA. JL. RAYA SERANG-CIRUAS RT. 02. RW 01. KP. PELAWAD CIRUAS SERANG KODE POS 42182,1139,KETOMED CREAM 15 GR,DOKTER,10,26200
M1N9677,11/12/2020,,83325,"FITRIA ,DR",KLINIK ANDRI MEDISTRA. JL. RAYA SERANG-CIRUAS RT. 02. RW 01. KP. PELAWAD CIRUAS SERANG KODE POS 42182,1576,KLODERMA CREAM 10 GR,DOKTER,10,31625
M1N9677,11/12/2020,,83325,"FITRIA ,DR",KLINIK ANDRI MEDISTRA. JL. RAYA SERANG-CIRUAS RT. 02. RW 01. KP. PELAWAD CIRUAS SERANG KODE POS 42182,7438,KLODERMA LOTION 30 ML,DOKTER,10,69500
M1N9677,11/12/2020,,83325,"FITRIA ,DR",KLINIK ANDRI MEDISTRA. JL. RAYA SERANG-CIRUAS RT. 02. RW 01. KP. PELAWAD CIRUAS SERANG KODE POS 42182,829,KLODERMA OINT 10 GR,DOKTER,10,31625
M1N9677,11/12/2020,,83325,"FITRIA ,DR",KLINIK ANDRI MEDISTRA. JL. RAYA SERANG-CIRUAS RT. 02. RW 01. KP. PELAWAD CIRUAS SERANG KODE POS 42182,9684,MEDSCAB LOTION 30GR,DOKTER,5,63750
M1N9677,11/12/2020,,83325,"FITRIA ,DR",KLINIK ANDRI MEDISTRA. JL. RAYA SERANG-CIRUAS RT. 02. RW 01. KP. PELAWAD CIRUAS SERANG KODE POS 42182,1478,MOFACORT CREAM 10 GR,DOKTER,10,66550
M1N9677,11/12/2020,,83325,"FITRIA ,DR",KLINIK ANDRI MEDISTRA. JL. RAYA SERANG-CIRUAS RT. 02. RW 01. KP. PELAWAD CIRUAS SERANG KODE POS 42182,2081,PIROTOP CREAM 10 GR,DOKTER,10,59600
M1N9677,11/12/2020,,83325,"FITRIA ,DR",KLINIK ANDRI MEDISTRA. JL. RAYA SERANG-CIRUAS RT. 02. RW 01. KP. PELAWAD CIRUAS SERANG KODE POS 42182,4043,PIROTOP OINT 10 GR,DOKTER,10,65600
M1N9695,11/12/2020,,42339,"INDIRA EKA ALISA ,DR",KOMP.AMELIA ANTAPURA M3-11 MAKASAR -,195,MEDIKLIN GEL 15 GR,DOKTER,200,22900
M1N9695,11/12/2020,,42339,"INDIRA EKA ALISA ,DR",KOMP.AMELIA ANTAPURA M3-11 MAKASAR -,196,MEDIKLIN TR GEL 15 GR,DOKTER,100,40300
M1N9695,11/12/2020,,42339,"INDIRA EKA ALISA ,DR",KOMP.AMELIA ANTAPURA M3-11 MAKASAR -,520,MELANOX ES 15 GR*,DOKTER,100,59900
M1N9695,11/12/2020,,42339,"INDIRA EKA ALISA ,DR",KOMP.AMELIA ANTAPURA M3-11 MAKASAR -,861,MELANOX FORTE 4% CREAM 15 GRAM,DOKTER,200,31500
M1N9695,11/12/2020,,42339,"INDIRA EKA ALISA ,DR",KOMP.AMELIA ANTAPURA M3-11 MAKASAR -,766,"VITACID 0,05% CREAM 20 GRAM",DOKTER,200,33800
M1N9695,11/12/2020,,42339,"INDIRA EKA ALISA ,DR",KOMP.AMELIA ANTAPURA M3-11 MAKASAR -,1006,"VITACID 0,1% CREAM 20 GR",DOKTER,100,43900
M1N9705,11/12/2020,,54793,"PETER DJOKOTJAHJONO ,DR",SEKTOR 1A JL.RAYA KELAPA PUAN BLOK AG 1 NO.8 GADING SERPONG TANGERANG,5208,TOPICARE + CERAMIDE CR 100 GR,DOKTER,2,137500
M1N9707,11/12/2020,,52606,"ANI ,DR","GRAHA BINTARO JAYA GRAND 8 NO.105-106 ONDOK KACANG BARAT, PONDOK KACANG, TANGSEL",4994,SKINBRIGHT A.AGING GOLD SERUM,DOKTER,2,112500
M1N9708,11/12/2020,,41070,"MEGAWATI ,DR",- -,828,KETOMED SS 60 ML,DOKTER,4,40100
M1N9708,11/12/2020,,41070,"MEGAWATI ,DR",- -,9684,MEDSCAB LOTION 30GR,DOKTER,2,63750
M1N9709,11/12/2020,,42112,"DEWI MULYAWAN,DR ,DR",PERUM DASANA INDAH BLOK RG 7 NO.1 BOJONG NANGKA KELAPA DUA -,4125,GLIKODERM MILK CLEANSER 100 ML,DOKTER,6,20250
M1N9709,11/12/2020,,42112,"DEWI MULYAWAN,DR ,DR",PERUM DASANA INDAH BLOK RG 7 NO.1 BOJONG NANGKA KELAPA DUA -,B329,LUMINEUX MILK CLEANSER 100ML,DOKTER,2,37000
M1N9710,11/12/2020,,75480,"DORA PRADESA ,DR","JL.HALMAHERA NO.01 RT.25 RW.04  KEL.SURABAYA, KEC.SUNGAI SERUT,KOTA BENGKULU  BENGKULU  38119",38,BENZOLAC CL GEL 10 GR,DOKTER,5,29100
M1N9710,11/12/2020,,75480,"DORA PRADESA ,DR","JL.HALMAHERA NO.01 RT.25 RW.04  KEL.SURABAYA, KEC.SUNGAI SERUT,KOTA BENGKULU  BENGKULU  38119",4045,GLIKODERM CFC 100 ML,DOKTER,20,24750
M1N9710,11/12/2020,,75480,"DORA PRADESA ,DR","JL.HALMAHERA NO.01 RT.25 RW.04  KEL.SURABAYA, KEC.SUNGAI SERUT,KOTA BENGKULU  BENGKULU  38119",4052,GLIKODERM SKIN TONER 100ML PHA,DOKTER,20,18000
M1N9710,11/12/2020,,75480,"DORA PRADESA ,DR","JL.HALMAHERA NO.01 RT.25 RW.04  KEL.SURABAYA, KEC.SUNGAI SERUT,KOTA BENGKULU  BENGKULU  38119",861,MELANOX FORTE 4% CREAM 15 GRAM,DOKTER,2,31500
M1N9711,11/12/2020,,68186,"JULIANA ,DR",JL.MANGGA BESAR RAYA NO.137-139 -,1576,KLODERMA CREAM 10 GR,DOKTER,5,31625
M1N9711,11/12/2020,,68186,"JULIANA ,DR",JL.MANGGA BESAR RAYA NO.137-139 -,1478,MOFACORT CREAM 10 GR,DOKTER,3,66550
M1N9711,11/12/2020,,68186,"JULIANA ,DR",JL.MANGGA BESAR RAYA NO.137-139 -,292,REGROU FORTE SOLUTION 30 ML,DOKTER,10,98850
M1N9711,11/12/2020,,68186,"JULIANA ,DR",JL.MANGGA BESAR RAYA NO.137-139 -,5208,TOPICARE + CERAMIDE CR 100 GR,DOKTER,2,137500
M1N9712,11/12/2020,,87984,"JESSICA ANGELA ,DR","BUKIT GADING MEDITERANIA, JALAN CASABLANCA 4 BLOK BJ 3 KELAPA GADING PERMAI JAKARTA UTARA 14240",B470,SKINBRIGHT LP LIGHT NATURAL 10,DOKTER,1,50000
M1N9712,11/12/2020,,87984,"JESSICA ANGELA ,DR","BUKIT GADING MEDITERANIA, JALAN CASABLANCA 4 BLOK BJ 3 KELAPA GADING PERMAI JAKARTA UTARA 14240",B785,"VITACID GEL 0,05% 20GR",DOKTER,2,49500
M1N9712,11/12/2020,,87984,"JESSICA ANGELA ,DR","BUKIT GADING MEDITERANIA, JALAN CASABLANCA 4 BLOK BJ 3 KELAPA GADING PERMAI JAKARTA UTARA 14240",B786,"VITACID GEL 0,1% 20GR",DOKTER,2,64950
M1N9713,11/12/2020,,43978,"NUR RAHMAH ,DR",JL.PUEBONGO NO.14 (AZZAHRA SKIN CLINIC) PALU  SULAWESI TENGAH  94222,4043,PIROTOP OINT 10 GR,DOKTER,24,65600
M1N9713,11/12/2020,,43978,"NUR RAHMAH ,DR",JL.PUEBONGO NO.14 (AZZAHRA SKIN CLINIC) PALU  SULAWESI TENGAH  94222,B941,SKINBRIGHT FIRMING LOTION 15GR,DOKTER,5,85000
M1N9717,11/12/2020,,70121,"YULI MEGASASI ,DR","APOTEK UTAMA TARAKAN JL.JEND.SUDIRMAN NO.15 MAMBURUNGAN   KEL.KARANG ANYAR, KEC.TARAKAN BARAT,KOTA TARAKAN  KALIMANTAN U",2130,ERYMED CREAM 20 GR,DOKTER,8,28700
M1N9717,11/12/2020,,70121,"YULI MEGASASI ,DR","APOTEK UTAMA TARAKAN JL.JEND.SUDIRMAN NO.15 MAMBURUNGAN   KEL.KARANG ANYAR, KEC.TARAKAN BARAT,KOTA TARAKAN  KALIMANTAN U",1950,ERYMED GEL 15 GR,DOKTER,8,28700
M1N9717,11/12/2020,,70121,"YULI MEGASASI ,DR","APOTEK UTAMA TARAKAN JL.JEND.SUDIRMAN NO.15 MAMBURUNGAN   KEL.KARANG ANYAR, KEC.TARAKAN BARAT,KOTA TARAKAN  KALIMANTAN U",1139,KETOMED CREAM 15 GR,DOKTER,20,26200
M1N9717,11/12/2020,,70121,"YULI MEGASASI ,DR","APOTEK UTAMA TARAKAN JL.JEND.SUDIRMAN NO.15 MAMBURUNGAN   KEL.KARANG ANYAR, KEC.TARAKAN BARAT,KOTA TARAKAN  KALIMANTAN U",828,KETOMED SS 60 ML,DOKTER,10,40100
M1N9717,11/12/2020,,70121,"YULI MEGASASI ,DR","APOTEK UTAMA TARAKAN JL.JEND.SUDIRMAN NO.15 MAMBURUNGAN   KEL.KARANG ANYAR, KEC.TARAKAN BARAT,KOTA TARAKAN  KALIMANTAN U",2037,MEDICORT CREAM 10 GR,DOKTER,30,55300
M1N9717,11/12/2020,,70121,"YULI MEGASASI ,DR","APOTEK UTAMA TARAKAN JL.JEND.SUDIRMAN NO.15 MAMBURUNGAN   KEL.KARANG ANYAR, KEC.TARAKAN BARAT,KOTA TARAKAN  KALIMANTAN U",195,MEDIKLIN GEL 15 GR,DOKTER,1,22900
M1N9717,11/12/2020,,70121,"YULI MEGASASI ,DR","APOTEK UTAMA TARAKAN JL.JEND.SUDIRMAN NO.15 MAMBURUNGAN   KEL.KARANG ANYAR, KEC.TARAKAN BARAT,KOTA TARAKAN  KALIMANTAN U",7098,MEDSCAB CR 30GR,DOKTER,20,65450
M1N9717,11/12/2020,,70121,"YULI MEGASASI ,DR","APOTEK UTAMA TARAKAN JL.JEND.SUDIRMAN NO.15 MAMBURUNGAN   KEL.KARANG ANYAR, KEC.TARAKAN BARAT,KOTA TARAKAN  KALIMANTAN U",4046,PARASOL SUNBLOCK GEL 20 GR,DOKTER,1,18700
M1N9717,11/12/2020,,70121,"YULI MEGASASI ,DR","APOTEK UTAMA TARAKAN JL.JEND.SUDIRMAN NO.15 MAMBURUNGAN   KEL.KARANG ANYAR, KEC.TARAKAN BARAT,KOTA TARAKAN  KALIMANTAN U",2081,PIROTOP CREAM 10 GR,DOKTER,20,59600
M1N9717,11/12/2020,,70121,"YULI MEGASASI ,DR","APOTEK UTAMA TARAKAN JL.JEND.SUDIRMAN NO.15 MAMBURUNGAN   KEL.KARANG ANYAR, KEC.TARAKAN BARAT,KOTA TARAKAN  KALIMANTAN U",4043,PIROTOP OINT 10 GR,DOKTER,20,65600
M1N9717,11/12/2020,,70121,"YULI MEGASASI ,DR","APOTEK UTAMA TARAKAN JL.JEND.SUDIRMAN NO.15 MAMBURUNGAN   KEL.KARANG ANYAR, KEC.TARAKAN BARAT,KOTA TARAKAN  KALIMANTAN U",5208,TOPICARE + CERAMIDE CR 100 GR,DOKTER,10,137500
M1N9741,12/12/2020,,78622,"PROSSI ,KLINIK","KOMP.JATIBENING 1,JL.KRAKATAU NO.204A,PONDOK GEDE,BEKASI 17412  RT 13,RW 5",6564,HELIATECH SUNSCR SPF45 LOT 30M,KLINIK,20,72500
M1N9746,12/12/2020,,41330,"SRI NURAINI ,DR",JL.KARANG POLA 6 NO.1 RT.03/03 PASAR MINGGGU -,D706,HYALUDERM SERUM 15ML,DOKTER,2,99000
M1N9747,12/12/2020,,62337,SRI LESTARI.DR,JL.JANUR KUNING V BLOK WK NO.12 KELAPA GADING,B470,SKINBRIGHT LP LIGHT NATURAL 10,DOKTER,2,50000
M1N9747,12/12/2020,,62337,SRI LESTARI.DR,JL.JANUR KUNING V BLOK WK NO.12 KELAPA GADING,5830,SKINBRIGHT LP OS NATURAL,DOKTER,5,67500
M1N9753,12/12/2020,,72718,"VERONICA  ,DR",PERUMAHAN PURI KENCANA BLOK M 11 NO.17KOTA JAKARTA BARATDKI JAKARTA11530,4045,GLIKODERM CFC 100 ML,DOKTER,6,24750
M1N9753,12/12/2020,,72718,"VERONICA  ,DR",PERUMAHAN PURI KENCANA BLOK M 11 NO.17KOTA JAKARTA BARATDKI JAKARTA11530,D706,HYALUDERM SERUM 15ML,DOKTER,2,99000
M1N9753,12/12/2020,,72718,"VERONICA  ,DR",PERUMAHAN PURI KENCANA BLOK M 11 NO.17KOTA JAKARTA BARATDKI JAKARTA11530,195,MEDIKLIN GEL 15 GR,DOKTER,18,22900
M1N9753,12/12/2020,,72718,"VERONICA  ,DR",PERUMAHAN PURI KENCANA BLOK M 11 NO.17KOTA JAKARTA BARATDKI JAKARTA11530,812,NIACEF GEL 15 GRAM,DOKTER,6,28700
M1N9757,12/12/2020,,41945,"AVEIA CLINIC ,DR",JL.PURWOREJO NO.27 MENTENG -,1009,"DESOLEX CREAM 10 GR 0,05%",DOKTER,8,22800
M1N9757,12/12/2020,,41945,"AVEIA CLINIC ,DR",JL.PURWOREJO NO.27 MENTENG -,1576,KLODERMA CREAM 10 GR,DOKTER,2,31625
M1N9758,12/12/2020,,71167,"M. YUYUT ARIYANTO ,DR","JL.GERBANG DAYAKU RT.XI  NO.X LOA JANAN ULU KUKARKEC.LOA JANAN,KABUPATEN KUTAI KARTANEGARAKALIMANTAN TIMUR72273",1009,"DESOLEX CREAM 10 GR 0,05%",DOKTER,10,22800
M1N9758,12/12/2020,,71167,"M. YUYUT ARIYANTO ,DR","JL.GERBANG DAYAKU RT.XI  NO.X LOA JANAN ULU KUKARKEC.LOA JANAN,KABUPATEN KUTAI KARTANEGARAKALIMANTAN TIMUR72273",829,KLODERMA OINT 10 GR,DOKTER,10,31625
M1N9758,12/12/2020,,71167,"M. YUYUT ARIYANTO ,DR","JL.GERBANG DAYAKU RT.XI  NO.X LOA JANAN ULU KUKARKEC.LOA JANAN,KABUPATEN KUTAI KARTANEGARAKALIMANTAN TIMUR72273",4994,SKINBRIGHT A.AGING GOLD SERUM,DOKTER,7,112500
M1N9765,12/12/2020,,40543,"NURHAYATI, SPKK ,DR",JL.TK RIA NO.33 RT.6/02 KELURAHAN TENGAH KRAMAT JATI -,4045,GLIKODERM CFC 100 ML,DOKTER,30,24750
M1N9768,12/12/2020,,44590,"MISNIATI TAMBUN ,DR",JL.RM NOTO SUNARDI TANAH GROGOT -,C390,HYALUDERM FACE MOIST CR 15GR,DOKTER,2,93500
M1N9768,12/12/2020,,44590,"MISNIATI TAMBUN ,DR",JL.RM NOTO SUNARDI TANAH GROGOT -,4994,SKINBRIGHT A.AGING GOLD SERUM,DOKTER,3,112500
M1N9783,12/12/2020,,92036,"DR. BUDI SATRIA SP.DV ,DR","JL. A. YANI NO 22 ( R.S BAYANGKARA ), LANGKAI,KECAMATAN PAHANDUT.PALANGKARAYA",6564,HELIATECH SUNSCR SPF45 LOT 30M,DOKTER,2,72500
M1N9783,12/12/2020,,92036,"DR. BUDI SATRIA SP.DV ,DR","JL. A. YANI NO 22 ( R.S BAYANGKARA ), LANGKAI,KECAMATAN PAHANDUT.PALANGKARAYA",812,NIACEF GEL 15 GRAM,DOKTER,2,28700
M1N9783,12/12/2020,,92036,"DR. BUDI SATRIA SP.DV ,DR","JL. A. YANI NO 22 ( R.S BAYANGKARA ), LANGKAI,KECAMATAN PAHANDUT.PALANGKARAYA",5021,PARASOL SUNBLOCK GEL 500 GR (T,DOKTER,2,433200
M1N9783,12/12/2020,,92036,"DR. BUDI SATRIA SP.DV ,DR","JL. A. YANI NO 22 ( R.S BAYANGKARA ), LANGKAI,KECAMATAN PAHANDUT.PALANGKARAYA",1105,"REVIDERM 0,01 CREAM 15 GR",DOKTER,2,26350
M1N9788,12/12/2020,,40623,"VIVI C ,DR",JELAMBAR BARAT III A NO.31B KEL.JELAMBAR BARU,1139,KETOMED CREAM 15 GR,DOKTER,100,26200
M1N9789,12/12/2020,,40767,"EMILIA KASTURI ,DR",JL.RAYA JATINEGARA BARAT NO.146 B (TOKO PERCETAKAN SETIA JAYA MANDIRI),C390,HYALUDERM FACE MOIST CR 15GR,DOKTER,5,93500
M1N9789,12/12/2020,,40767,"EMILIA KASTURI ,DR",JL.RAYA JATINEGARA BARAT NO.146 B (TOKO PERCETAKAN SETIA JAYA MANDIRI),4043,PIROTOP OINT 10 GR,DOKTER,5,65600
RC07341,5/12/2020,,49835,"PT.SULICO ,PT",JL.WOLTER MONGINSIDI NO.32 RT.001 RW.006 PETOGOGAN KEBAYORANBARU,1006,"VITACID 0,1% CREAM 20 GR",KLINIK,67,43900
RC07344,7/12/2020,,70528,"LIANA DEWI SUHADI  ,DR","RUKO GOLDEN 8 JL.PANJANG NO.8 C RT.005/011KEDOYA , KEC.KEBON JERUK,KOTA JAKARTA BARATDKI JAKARTA11520",291,REGROU 2% SOLUTION 30 ML,DOKTER,3,55100
RC07344,7/12/2020,,70528,"LIANA DEWI SUHADI  ,DR","RUKO GOLDEN 8 JL.PANJANG NO.8 C RT.005/011KEDOYA , KEC.KEBON JERUK,KOTA JAKARTA BARATDKI JAKARTA11520",292,REGROU FORTE SOLUTION 30 ML,DOKTER,5,98850
RC07345,7/12/2020,,70528,"LIANA DEWI SUHADI  ,DR","RUKO GOLDEN 8 JL.PANJANG NO.8 C RT.005/011KEDOYA , KEC.KEBON JERUK,KOTA JAKARTA BARATDKI JAKARTA11520",1738,CARMED 20% CREAM 40 GR,DOKTER,10,37300
RC07348,7/12/2020,,78129,"LIANAKA ,KLINIK",GD.CIBIS NINE THE VERANDA LG SP 09   (SAMPING INDOMARET SEBELAH MUSHOLAH)  CILANDAK TIMUR PASAR MINGGU   KEL.CILANDAK TI,1109,BENZOLAC 5 GEL 5 GR,KLINIK,5,17600
RC07348,7/12/2020,,78129,"LIANAKA ,KLINIK",GD.CIBIS NINE THE VERANDA LG SP 09   (SAMPING INDOMARET SEBELAH MUSHOLAH)  CILANDAK TIMUR PASAR MINGGU   KEL.CILANDAK TI,1009,"DESOLEX CREAM 10 GR 0,05%",KLINIK,5,22800
RC07349,7/12/2020,,55632,"WANG SURYANI ,DR",PT.SOLUDERMA ESTETIKA INDONESIA MALL PIK AVENUE LT.6 KANTOR CRE8 WORKING SPACE,519,REFAQUIN CREAM 15 GR,DOKTER,10,62600
RC07349,7/12/2020,,55632,"WANG SURYANI ,DR",PT.SOLUDERMA ESTETIKA INDONESIA MALL PIK AVENUE LT.6 KANTOR CRE8 WORKING SPACE,B786,"VITACID GEL 0,1% 20GR",DOKTER,10,64950
RC07351,8/12/2020,,40730,"IORA DERMAJAYA UTAMA ,PT",IORA DERMATOLOGY CLINIC JL.ADHYAKSA IX NO.8 LEBAK BULUS JAKARTA SELATAN,812,NIACEF GEL 15 GRAM,DOKTER,20,28700
RC07351,8/12/2020,,40730,"IORA DERMAJAYA UTAMA ,PT",IORA DERMATOLOGY CLINIC JL.ADHYAKSA IX NO.8 LEBAK BULUS JAKARTA SELATAN,4768,PARASOL SB CR WHITE 20 GR,DOKTER,74,37200
RC07351,8/12/2020,,40730,"IORA DERMAJAYA UTAMA ,PT",IORA DERMATOLOGY CLINIC JL.ADHYAKSA IX NO.8 LEBAK BULUS JAKARTA SELATAN,4046,PARASOL SUNBLOCK GEL 20 GR,DOKTER,50,18700
RC07353,10/12/2020,,83722,"PAMELLA DJAKARIA ,DR",LITE BEAUTY. RUKO GOLDEN ROAD BLOK C30 /23 A ( BELAKANG ITC BSD ),4125,GLIKODERM MILK CLEANSER 100 ML,DOKTER,10,20250
RC07353,10/12/2020,,83722,"PAMELLA DJAKARIA ,DR",LITE BEAUTY. RUKO GOLDEN ROAD BLOK C30 /23 A ( BELAKANG ITC BSD ),B327,LUMINEUX PURIFYING FC.WASH 100,DOKTER,3,69000
