"NO TRANSAKSI","TGL TRANSAKSI","KODE OLDCUSTOMER","KODE CUSTOMER","NAMA CUSTOMER","ALAMAT","KODE BARANG","NAMA BARANG","SEKTOR","QTY BARANG","HNA"
"D152125","01-12-2020","","0083205","JULIANA ,DR","RS PLUIT, JL SELATAN PLUIT RAYA NO 2 RW 7   KEL.PLUIT KEC.PENJARINGAN,KOTA JAKARTA UTARA  DKI JAKARTA  14450","1576","KLODERMA CREAM 10 GR","DOKTER","10","31625"
"D152125","01-12-2020","","0083205","JULIANA ,DR","RS PLUIT, JL SELATAN PLUIT RAYA NO 2 RW 7   KEL.PLUIT KEC.PENJARINGAN,KOTA JAKARTA UTARA  DKI JAKARTA  14450","1478","MOFACORT CREAM 10 GR","DOKTER","10","66550"
"D152125","01-12-2020","","0083205","JULIANA ,DR","RS PLUIT, JL SELATAN PLUIT RAYA NO 2 RW 7   KEL.PLUIT KEC.PENJARINGAN,KOTA JAKARTA UTARA  DKI JAKARTA  14450","1585","MOFACORT CREAM 5 GR","DOKTER","10","34900"
"D152126","01-12-2020","","0073747","NAZARUDIN ,DR","KLINIK RAHIM MEDIKA , JL MUARA BARU RAYA RT 16/07 PENJARINGAN","0197","MEDIQUIN CREAM 15 GR","DOKTER","30","30000"
"D152130","01-12-2020","","0059780","WIN JOHANES ,DR","KL.MEDIGREEN JL.BOULEVARD RAYA BLOK B NO.42 KELAPA GADING -","1576","KLODERMA CREAM 10 GR","DOKTER","50","31625"
"D152130","01-12-2020","","0059780","WIN JOHANES ,DR","KL.MEDIGREEN JL.BOULEVARD RAYA BLOK B NO.42 KELAPA GADING -","0196","MEDIKLIN TR GEL 15 GR","DOKTER","50","40300"
"D152158","01-12-2020","","0074770","POCUT ISRAITA ,DR","PONDOK BAMBU TOWN HOUSE JL. BAHANA 2 BLOK A NO. 25 PONDOK BAMBU, DUREN SAWIT JAKARTA TIMUR.","0038","BENZOLAC CL GEL 10 GR","DOKTER","10","29100"
"D152158","01-12-2020","","0074770","POCUT ISRAITA ,DR","PONDOK BAMBU TOWN HOUSE JL. BAHANA 2 BLOK A NO. 25 PONDOK BAMBU, DUREN SAWIT JAKARTA TIMUR.","0196","MEDIKLIN TR GEL 15 GR","DOKTER","50","40300"
"D152159","01-12-2020","","0059884","STEVY DIAN F ,DR","PONDOK BAMBU PERMAI BLOK AB NO.7 RT.15/005 PONDOK BAMBU.DUREN SAWIT","4044","GLIKODERM CFC 2% GLYCOLIC ACID","DOKTER","5","40000"
"D152159","01-12-2020","","0059884","STEVY DIAN F ,DR","PONDOK BAMBU PERMAI BLOK AB NO.7 RT.15/005 PONDOK BAMBU.DUREN SAWIT","2141","KLODERMA CREAM 5 GR","DOKTER","10","20350"
"D152159","01-12-2020","","0059884","STEVY DIAN F ,DR","PONDOK BAMBU PERMAI BLOK AB NO.7 RT.15/005 PONDOK BAMBU.DUREN SAWIT","0812","NIACEF GEL 15 GRAM","DOKTER","20","28700"
"D152167","01-12-2020","","0075957","JONATAN ANTONIUS ,DR","JL PALMERIAM RT 02/05 , PALMERIAM MATRAMAN JAKTIM -","4045","GLIKODERM CFC 100 ML","DOKTER","10","24750"
"D152167","01-12-2020","","0075957","JONATAN ANTONIUS ,DR","JL PALMERIAM RT 02/05 , PALMERIAM MATRAMAN JAKTIM -","4052","GLIKODERM SKIN TONER 100ML PHA","DOKTER","10","18000"
"D152167","01-12-2020","","0075957","JONATAN ANTONIUS ,DR","JL PALMERIAM RT 02/05 , PALMERIAM MATRAMAN JAKTIM -","1139","KETOMED CREAM 15 GR","DOKTER","1","26200"
"D152186","01-12-2020","","0059884","STEVY DIAN F ,DR","PONDOK BAMBU PERMAI BLOK AB NO.7 RT.15/005 PONDOK BAMBU.DUREN SAWIT","4052","GLIKODERM SKIN TONER 100ML PHA","DOKTER","10","18000"
"D152186","01-12-2020","","0059884","STEVY DIAN F ,DR","PONDOK BAMBU PERMAI BLOK AB NO.7 RT.15/005 PONDOK BAMBU.DUREN SAWIT","9887","REFAQUIN CREAM 10GR","DOKTER","100","42500"
"D152194","02-12-2020","","0083205","JULIANA ,DR","RS PLUIT, JL SELATAN PLUIT RAYA NO 2 RW 7   KEL.PLUIT KEC.PENJARINGAN,KOTA JAKARTA UTARA  DKI JAKARTA  14450","0503","VITAQUIN CREAM 15 GR","DOKTER","10","61600"
"D152234","02-12-2020","","0059884","STEVY DIAN F ,DR","PONDOK BAMBU PERMAI BLOK AB NO.7 RT.15/005 PONDOK BAMBU.DUREN SAWIT","2142","KLODERMA OINT 5 GR","DOKTER","20","20350"
"D152234","02-12-2020","","0059884","STEVY DIAN F ,DR","PONDOK BAMBU PERMAI BLOK AB NO.7 RT.15/005 PONDOK BAMBU.DUREN SAWIT","4994","SKINBRIGHT A.AGING GOLD SERUM","DOKTER","5","112500"
"D152234","02-12-2020","","0059884","STEVY DIAN F ,DR","PONDOK BAMBU PERMAI BLOK AB NO.7 RT.15/005 PONDOK BAMBU.DUREN SAWIT","7914","SORALEN SOL 15ML","DOKTER","20","49500"
"D152235","02-12-2020","","0074685","MARCKS VENUS  ,KLINIK","JL. MATRAMAN RAYA NO.57, RT.5/RW.4, PALMERIAM, MATRAMAN KOTA JAKARTA TIMUR, DAERAH KHUSUS IBUKOTA JAKARTA 13140","1009","DESOLEX CREAM 10 GR 0,05%","KLINIK","15","22800"
"D152235","02-12-2020","","0074685","MARCKS VENUS  ,KLINIK","JL. MATRAMAN RAYA NO.57, RT.5/RW.4, PALMERIAM, MATRAMAN KOTA JAKARTA TIMUR, DAERAH KHUSUS IBUKOTA JAKARTA 13140","0195","MEDIKLIN GEL 15 GR","KLINIK","10","22900"
"D152235","02-12-2020","","0074685","MARCKS VENUS  ,KLINIK","JL. MATRAMAN RAYA NO.57, RT.5/RW.4, PALMERIAM, MATRAMAN KOTA JAKARTA TIMUR, DAERAH KHUSUS IBUKOTA JAKARTA 13140","0861","MELANOX FORTE 4% CREAM 15 GRAM","KLINIK","2","31500"
"D152235","02-12-2020","","0074685","MARCKS VENUS  ,KLINIK","JL. MATRAMAN RAYA NO.57, RT.5/RW.4, PALMERIAM, MATRAMAN KOTA JAKARTA TIMUR, DAERAH KHUSUS IBUKOTA JAKARTA 13140","0812","NIACEF GEL 15 GRAM","KLINIK","10","28700"
"D152235","02-12-2020","","0074685","MARCKS VENUS  ,KLINIK","JL. MATRAMAN RAYA NO.57, RT.5/RW.4, PALMERIAM, MATRAMAN KOTA JAKARTA TIMUR, DAERAH KHUSUS IBUKOTA JAKARTA 13140","4356","PALENOX GEL 15 GR","KLINIK","3","53900"
"D152235","02-12-2020","","0074685","MARCKS VENUS  ,KLINIK","JL. MATRAMAN RAYA NO.57, RT.5/RW.4, PALMERIAM, MATRAMAN KOTA JAKARTA TIMUR, DAERAH KHUSUS IBUKOTA JAKARTA 13140","4046","PARASOL SUNBLOCK GEL 20 GR","KLINIK","5","18700"
"D152235","02-12-2020","","0074685","MARCKS VENUS  ,KLINIK","JL. MATRAMAN RAYA NO.57, RT.5/RW.4, PALMERIAM, MATRAMAN KOTA JAKARTA TIMUR, DAERAH KHUSUS IBUKOTA JAKARTA 13140","0519","REFAQUIN CREAM 15 GR","KLINIK","15","62600"
"D152235","02-12-2020","","0074685","MARCKS VENUS  ,KLINIK","JL. MATRAMAN RAYA NO.57, RT.5/RW.4, PALMERIAM, MATRAMAN KOTA JAKARTA TIMUR, DAERAH KHUSUS IBUKOTA JAKARTA 13140","1006","VITACID 0,1% CREAM 20 GR","KLINIK","3","43900"
"D152237","02-12-2020","","0072179","TARULI OLIVIA ,DR","JL.DURI PANDAN NO 16 PULOMAS JAKTIM -","5336","GLIKODERM 50 SOLUTION 30 ML","DOKTER","1","193600"
"D152237","02-12-2020","","0072179","TARULI OLIVIA ,DR","JL.DURI PANDAN NO 16 PULOMAS JAKTIM -","5198","GLIKODERM PEEL NEUTRALIZER 200","DOKTER","1","82500"
"D152251","02-12-2020","","0059884","STEVY DIAN F ,DR","PONDOK BAMBU PERMAI BLOK AB NO.7 RT.15/005 PONDOK BAMBU.DUREN SAWIT","0329","VITACID 0,025% GELL 20 GR","DOKTER","30","23000"