"NO TRANSAKSI","TGL TRANSAKSI","KODE OLDCUSTOMER","KODE CUSTOMER","NAMA CUSTOMER","ALAMAT","KODE BARANG","NAMA BARANG","SEKTOR","QTY BARANG","HNA"
"M1N8189","01-12-2020","","0041801","INEKE HALIM ,DR","JL.DALTON SELATAN 2 NO.19 CLUSTER DALTON GADING SERPONG -","0828","KETOMED SS 60 ML","DOKTER","2","40100"
"M1N8189","01-12-2020","","0041801","INEKE HALIM ,DR","JL.DALTON SELATAN 2 NO.19 CLUSTER DALTON GADING SERPONG -","0520","MELANOX ES 15 GR*","DOKTER","2","59900"
"M1N8189","01-12-2020","","0041801","INEKE HALIM ,DR","JL.DALTON SELATAN 2 NO.19 CLUSTER DALTON GADING SERPONG -","1478","MOFACORT CREAM 10 GR","DOKTER","2","66550"
"M1N8189","01-12-2020","","0041801","INEKE HALIM ,DR","JL.DALTON SELATAN 2 NO.19 CLUSTER DALTON GADING SERPONG -","0812","NIACEF GEL 15 GRAM","DOKTER","2","28700"
"M1N8189","01-12-2020","","0041801","INEKE HALIM ,DR","JL.DALTON SELATAN 2 NO.19 CLUSTER DALTON GADING SERPONG -","B941","SKINBRIGHT FIRMING LOTION 15GR","DOKTER","2","85000"
"M1N8190","01-12-2020","","0091770","NINIS ,IBU","PERUMAHAN MEDITERANIA JL JADE RAYA NO 1 -","0519","REFAQUIN CREAM 15 GR","END USER","1","62600"
"M1N8193","01-12-2020","","0081470","WONGYEOM KIM  ,BAPAK","KARANGPAWITAN NO.255 PT.DAUX . 44182 SINDANGPALAY . KARANGPAWITAN. KABUPATEN GARUT. JAWA BARAT","0979","BENZOLAC 2,5 GEL 5 GRAM","END USER","1","13350"
"M1N8198","01-12-2020","","0088845","IRWAN SAPUTRA BATUBARA ,DR","JL PERCETAKAN NEGARA V B NO 8 JOHAR BARU,KOTA JAKARTA PUSAT  DKI JAKARTA  10530","0195","MEDIKLIN GEL 15 GR","DOKTER","4","22900"
"M1N8198","01-12-2020","","0088845","IRWAN SAPUTRA BATUBARA ,DR","JL PERCETAKAN NEGARA V B NO 8 JOHAR BARU,KOTA JAKARTA PUSAT  DKI JAKARTA  10530","0861","MELANOX FORTE 4% CREAM 15 GRAM","DOKTER","10","31500"
"M1N8198","01-12-2020","","0088845","IRWAN SAPUTRA BATUBARA ,DR","JL PERCETAKAN NEGARA V B NO 8 JOHAR BARU,KOTA JAKARTA PUSAT  DKI JAKARTA  10530","0812","NIACEF GEL 15 GRAM","DOKTER","10","28700"
"M1N8198","01-12-2020","","0088845","IRWAN SAPUTRA BATUBARA ,DR","JL PERCETAKAN NEGARA V B NO 8 JOHAR BARU,KOTA JAKARTA PUSAT  DKI JAKARTA  10530","B786","VITACID GEL 0,1% 20GR","DOKTER","5","64950"
"M1N8220","01-12-2020","","0041801","INEKE HALIM ,DR","JL.DALTON SELATAN 2 NO.19 CLUSTER DALTON GADING SERPONG -","0861","MELANOX FORTE 4% CREAM 15 GRAM","DOKTER","1","31500"
"M1N8228","01-12-2020","","0072432","RENI FAJARWATI ,DR","JL.GANDARIA TENGAH VI NO.9 KRAMAT PELA   KEC.KEBAYORAN BARU,KOTA JAKARTA SELATAN  DKI JAKARTA  12140","0038","BENZOLAC CL GEL 10 GR","DOKTER","3","29100"
"M1N8228","01-12-2020","","0072432","RENI FAJARWATI ,DR","JL.GANDARIA TENGAH VI NO.9 KRAMAT PELA   KEC.KEBAYORAN BARU,KOTA JAKARTA SELATAN  DKI JAKARTA  12140","1009","DESOLEX CREAM 10 GR 0,05%","DOKTER","2","22800"
"M1N8228","01-12-2020","","0072432","RENI FAJARWATI ,DR","JL.GANDARIA TENGAH VI NO.9 KRAMAT PELA   KEC.KEBAYORAN BARU,KOTA JAKARTA SELATAN  DKI JAKARTA  12140","4045","GLIKODERM CFC 100 ML","DOKTER","8","24750"
"M1N8228","01-12-2020","","0072432","RENI FAJARWATI ,DR","JL.GANDARIA TENGAH VI NO.9 KRAMAT PELA   KEC.KEBAYORAN BARU,KOTA JAKARTA SELATAN  DKI JAKARTA  12140","4731","GLIKODERM CFC 4% GLYCOLIC A 10","DOKTER","5","57250"
"M1N8228","01-12-2020","","0072432","RENI FAJARWATI ,DR","JL.GANDARIA TENGAH VI NO.9 KRAMAT PELA   KEC.KEBAYORAN BARU,KOTA JAKARTA SELATAN  DKI JAKARTA  12140","4052","GLIKODERM SKIN TONER 100ML PHA","DOKTER","5","18000"
"M1N8228","01-12-2020","","0072432","RENI FAJARWATI ,DR","JL.GANDARIA TENGAH VI NO.9 KRAMAT PELA   KEC.KEBAYORAN BARU,KOTA JAKARTA SELATAN  DKI JAKARTA  12140","6564","HELIATECH SUNSCR SPF45 LOT 30M","DOKTER","4","72500"
"M1N8228","01-12-2020","","0072432","RENI FAJARWATI ,DR","JL.GANDARIA TENGAH VI NO.9 KRAMAT PELA   KEC.KEBAYORAN BARU,KOTA JAKARTA SELATAN  DKI JAKARTA  12140","0195","MEDIKLIN GEL 15 GR","DOKTER","1","22900"
"M1N8228","01-12-2020","","0072432","RENI FAJARWATI ,DR","JL.GANDARIA TENGAH VI NO.9 KRAMAT PELA   KEC.KEBAYORAN BARU,KOTA JAKARTA SELATAN  DKI JAKARTA  12140","0861","MELANOX FORTE 4% CREAM 15 GRAM","DOKTER","3","31500"
"M1N8228","01-12-2020","","0072432","RENI FAJARWATI ,DR","JL.GANDARIA TENGAH VI NO.9 KRAMAT PELA   KEC.KEBAYORAN BARU,KOTA JAKARTA SELATAN  DKI JAKARTA  12140","1478","MOFACORT CREAM 10 GR","DOKTER","4","66550"
"M1N8228","01-12-2020","","0072432","RENI FAJARWATI ,DR","JL.GANDARIA TENGAH VI NO.9 KRAMAT PELA   KEC.KEBAYORAN BARU,KOTA JAKARTA SELATAN  DKI JAKARTA  12140","0812","NIACEF GEL 15 GRAM","DOKTER","5","28700"
"M1N8228","01-12-2020","","0072432","RENI FAJARWATI ,DR","JL.GANDARIA TENGAH VI NO.9 KRAMAT PELA   KEC.KEBAYORAN BARU,KOTA JAKARTA SELATAN  DKI JAKARTA  12140","4046","PARASOL SUNBLOCK GEL 20 GR","DOKTER","2","18700"
"M1N8228","01-12-2020","","0072432","RENI FAJARWATI ,DR","JL.GANDARIA TENGAH VI NO.9 KRAMAT PELA   KEC.KEBAYORAN BARU,KOTA JAKARTA SELATAN  DKI JAKARTA  12140","B785","VITACID GEL 0,05% 20GR","DOKTER","1","49500"
"M1N8228","01-12-2020","","0072432","RENI FAJARWATI ,DR","JL.GANDARIA TENGAH VI NO.9 KRAMAT PELA   KEC.KEBAYORAN BARU,KOTA JAKARTA SELATAN  DKI JAKARTA  12140","B786","VITACID GEL 0,1% 20GR","DOKTER","2","64950"
"M1N8230","01-12-2020","","0052644","VONNY,DR ,DR","KLINIK MITRA SEHAT JL.RAYA RAGUNAN RT.5/4 PS.MINGGU","3972","GLIKODERM 8% SS POT 20 GR","DOKTER","2","31300"
"M1N8230","01-12-2020","","0052644","VONNY,DR ,DR","KLINIK MITRA SEHAT JL.RAYA RAGUNAN RT.5/4 PS.MINGGU","4994","SKINBRIGHT A.AGING GOLD SERUM","DOKTER","5","112500"
"M1N8233","01-12-2020","","0042910","ROSITA,DR ,DR","CLUSTER PASADENA NO.109 MODERNLANDKOTA TANGERANGBANTEN15152","4994","SKINBRIGHT A.AGING GOLD SERUM","DOKTER","30","112500"
"M1N8238","01-12-2020","","0069827","ARI ,BAPAK","CPP","4994","SKINBRIGHT A.AGING GOLD SERUM","KARYAWAN","1","112500"
"M1N8252","01-12-2020","","0040150","SOBRI JAMALUDIN ,BAPAK","AMS JL.POS PENGUMBEN RAYA NO.8","1317","DESOLEX-N CREAM 10 GR","END USER","2","28500"
"M1N8252","01-12-2020","","0040150","SOBRI JAMALUDIN ,BAPAK","AMS JL.POS PENGUMBEN RAYA NO.8","1134","MELANOX UV 25 GR","END USER","2","54500"
"M1N8252","01-12-2020","","0040150","SOBRI JAMALUDIN ,BAPAK","AMS JL.POS PENGUMBEN RAYA NO.8","0812","NIACEF GEL 15 GRAM","END USER","2","28700"
"M1N8252","01-12-2020","","0040150","SOBRI JAMALUDIN ,BAPAK","AMS JL.POS PENGUMBEN RAYA NO.8","1006","VITACID 0,1% CREAM 20 GR","END USER","2","43900"
"M1N8252","01-12-2020","","0040150","SOBRI JAMALUDIN ,BAPAK","AMS JL.POS PENGUMBEN RAYA NO.8","0503","VITAQUIN CREAM 15 GR","END USER","2","61600"
"M1N8259","01-12-2020","","0051444","HUDA HUDAIDA ,DR","JL.PEMANCINGAN 1 NO.35A RT.8/RW.5 SRENGSENG JAKBAR (PLANG AMIFA)","4236","TOPICARE CLEANSER 90 ML","DOKTER","5","60500"
"M1N8259","01-12-2020","","0051444","HUDA HUDAIDA ,DR","JL.PEMANCINGAN 1 NO.35A RT.8/RW.5 SRENGSENG JAKBAR (PLANG AMIFA)","4237","TOPICARE SOOTING CR 30 GR","DOKTER","5","72050"
"M1N8269","01-12-2020","","0057364","RIZKA SOFYANTI ,DR","KLINIK MEDI HEALTH JL.ASEM BARIS RAYA NO.3D TEBET -","D706","HYALUDERM SERUM 15ML","DOKTER","3","99000"
"M1N8271","01-12-2020","","0041801","INEKE HALIM ,DR","JL.DALTON SELATAN 2 NO.19 CLUSTER DALTON GADING SERPONG -","6564","HELIATECH SUNSCR SPF45 LOT 30M","DOKTER","1","72500"
"M1N8278","01-12-2020","","0041854","FARA FAUZIAH,DR ,DR","JL.MUNGGANG NO.14 KEL.BALAI KEMBANG CONDET (KL.JASMIN) -","0519","REFAQUIN CREAM 15 GR","DOKTER","210","62600"
"M1N8284","01-12-2020","","0086221","PT. SELESTIAL GRUP INTERNASIONAL ,PT","JL CIBUBUR II BLOK DUKU SMP 258 RT.015 RW.10 NO G. KEC.CIRACAS KEL.CIBUBUR JAKARTA TIMUR 13720","0828","KETOMED SS 60 ML","KLINIK","200","40100"
"M1N8285","01-12-2020","","0082826","KARMAN ,DR","TAMAN OSAKA NO 91 LIPPO KARAWACI TANGERANG -","2130","ERYMED CREAM 20 GR","DOKTER","10","28700"
"M1N8285","01-12-2020","","0082826","KARMAN ,DR","TAMAN OSAKA NO 91 LIPPO KARAWACI TANGERANG -","1139","KETOMED CREAM 15 GR","DOKTER","5","26200"
"M1N8286","01-12-2020","","0078133","SEC GREENLAKE ,KLINIK","SEC GREENLAKE CITY RUKO CROWN BLOK E NO. 1 TANGERANG -","4125","GLIKODERM MILK CLEANSER 100 ML","KLINIK","15","20250"
"M1N8286","01-12-2020","","0078133","SEC GREENLAKE ,KLINIK","SEC GREENLAKE CITY RUKO CROWN BLOK E NO. 1 TANGERANG -","0195","MEDIKLIN GEL 15 GR","KLINIK","10","22900"
"M1N8286","01-12-2020","","0078133","SEC GREENLAKE ,KLINIK","SEC GREENLAKE CITY RUKO CROWN BLOK E NO. 1 TANGERANG -","0196","MEDIKLIN TR GEL 15 GR","KLINIK","10","40300"
"M1N8286","01-12-2020","","0078133","SEC GREENLAKE ,KLINIK","SEC GREENLAKE CITY RUKO CROWN BLOK E NO. 1 TANGERANG -","0291","REGROU 2% SOLUTION 30 ML","KLINIK","10","55100"
"M1N8287","01-12-2020","","0083596","AMELINDA ,DR","PERUMAHAN GRAND CITY CLUSTER FOREST VILLE BLOK K1 NO.18 KEC. BALIKPAPAN UTARA, KOTA BALIKPAPAN, KALTIM","1009","DESOLEX CREAM 10 GR 0,05%","DOKTER","5","22800"
"M1N8287","01-12-2020","","0083596","AMELINDA ,DR","PERUMAHAN GRAND CITY CLUSTER FOREST VILLE BLOK K1 NO.18 KEC. BALIKPAPAN UTARA, KOTA BALIKPAPAN, KALTIM","0195","MEDIKLIN GEL 15 GR","DOKTER","5","22900"
"M1N8287","01-12-2020","","0083596","AMELINDA ,DR","PERUMAHAN GRAND CITY CLUSTER FOREST VILLE BLOK K1 NO.18 KEC. BALIKPAPAN UTARA, KOTA BALIKPAPAN, KALTIM","0812","NIACEF GEL 15 GRAM","DOKTER","20","28700"
"M1N8287","01-12-2020","","0083596","AMELINDA ,DR","PERUMAHAN GRAND CITY CLUSTER FOREST VILLE BLOK K1 NO.18 KEC. BALIKPAPAN UTARA, KOTA BALIKPAPAN, KALTIM","4046","PARASOL SUNBLOCK GEL 20 GR","DOKTER","20","18700"
"M1N8300","01-12-2020","","0042160","SRI INDARTI,DR","GALERI NIAGA MEDITERANIA BLOK K 8 D PANTAI INDAH KAPUK","1109","BENZOLAC 5 GEL 5 GR","DOKTER","10","17600"
"M1N8395","02-12-2020","","0050720","ALYA ESTETIC ,KLINIK","JL.RAWA BAMBU RAYA BLOK A NO.7B -","4198","GLIKODERM 8 MOIST CR 20 GR","KLINIK","5","15500"
"M1N8395","02-12-2020","","0050720","ALYA ESTETIC ,KLINIK","JL.RAWA BAMBU RAYA BLOK A NO.7B -","0519","REFAQUIN CREAM 15 GR","KLINIK","5","62600"
"M1N8395","02-12-2020","","0050720","ALYA ESTETIC ,KLINIK","JL.RAWA BAMBU RAYA BLOK A NO.7B -","0766","VITACID 0,05% CREAM 20 GRAM","KLINIK","5","33800"
"M1N8396","02-12-2020","","0040254","YANI T IMAN ,DR","KLINIK MEDIVITA JL.KEBON JERUK RAYA NO.7 -","0828","KETOMED SS 60 ML","DOKTER","3","40100"
"M1N8396","02-12-2020","","0040254","YANI T IMAN ,DR","KLINIK MEDIVITA JL.KEBON JERUK RAYA NO.7 -","7438","KLODERMA LOTION 30 ML","DOKTER","3","69500"
"M1N8396","02-12-2020","","0040254","YANI T IMAN ,DR","KLINIK MEDIVITA JL.KEBON JERUK RAYA NO.7 -","0291","REGROU 2% SOLUTION 30 ML","DOKTER","3","55100"
"M1N8397","02-12-2020","","0057364","RIZKA SOFYANTI ,DR","KLINIK MEDI HEALTH JL.ASEM BARIS RAYA NO.3D TEBET -","0038","BENZOLAC CL GEL 10 GR","DOKTER","100","29100"
"M1N8398","02-12-2020","","0042389","NIKEN WULANDARI ,DR","CANTIKA SKIN CARE  PONDOK PINANG CENTER KAV CR 10  JAKARTA SELATAN","3972","GLIKODERM 8% SS POT 20 GR","DOKTER","10","31300"
"M1N8398","02-12-2020","","0042389","NIKEN WULANDARI ,DR","CANTIKA SKIN CARE  PONDOK PINANG CENTER KAV CR 10  JAKARTA SELATAN","4124","GLIKODERM CFC PHA 100 ML","DOKTER","10","30650"
"M1N8398","02-12-2020","","0042389","NIKEN WULANDARI ,DR","CANTIKA SKIN CARE  PONDOK PINANG CENTER KAV CR 10  JAKARTA SELATAN","0519","REFAQUIN CREAM 15 GR","DOKTER","10","62600"
"M1N8398","02-12-2020","","0042389","NIKEN WULANDARI ,DR","CANTIKA SKIN CARE  PONDOK PINANG CENTER KAV CR 10  JAKARTA SELATAN","4994","SKINBRIGHT A.AGING GOLD SERUM","DOKTER","5","112500"
"M1N8400","02-12-2020","","0040340","SAKTI MEDIKA,KL (AN.DR.TINA WARDHANI) ,K","JL.TEBET BARAT 1 NO.5 -","5376","GLIKODERM 35 SOLUTION 30 ML","DOKTER","1","131000"
"M1N8400","02-12-2020","","0040340","SAKTI MEDIKA,KL (AN.DR.TINA WARDHANI) ,K","JL.TEBET BARAT 1 NO.5 -","5336","GLIKODERM 50 SOLUTION 30 ML","DOKTER","1","193600"
"M1N8401","02-12-2020","","0083075","MAKERI ,DR","JL.RAYA SERANG SUKAMULYA   KEL.CIKUPA, KEC.CIKUPA,KABUPATEN TANGERANG  BANTEN  15710","7098","MEDSCAB CR 30GR","DOKTER","10","65450"
"M1N8401","02-12-2020","","0083075","MAKERI ,DR","JL.RAYA SERANG SUKAMULYA   KEL.CIKUPA, KEC.CIKUPA,KABUPATEN TANGERANG  BANTEN  15710","0292","REGROU FORTE SOLUTION 30 ML","DOKTER","2","98850"
"M1N8404","02-12-2020","","0040441","DWI ,DR","JL.SULTAN SYAHRIR NO.30,MENTENG -","1105","REVIDERM 0,01 CREAM 15 GR","DOKTER","20","26350"
"M1N8416","02-12-2020","","0090558","THRESIA ,DR","JL. CITRA NO. 60 RT. 01 RW. 02 PASAR MUARA AMAN, LEBONG -","2130","ERYMED CREAM 20 GR","DOKTER","5","28700"
"M1N8416","02-12-2020","","0090558","THRESIA ,DR","JL. CITRA NO. 60 RT. 01 RW. 02 PASAR MUARA AMAN, LEBONG -","0400","ERYMED PLUS SOLUTION 30 ML","DOKTER","5","42650"
"M1N8416","02-12-2020","","0090558","THRESIA ,DR","JL. CITRA NO. 60 RT. 01 RW. 02 PASAR MUARA AMAN, LEBONG -","1665","ERYMED SOLUTION 30 ML","DOKTER","10","28700"
"M1N8416","02-12-2020","","0090558","THRESIA ,DR","JL. CITRA NO. 60 RT. 01 RW. 02 PASAR MUARA AMAN, LEBONG -","7098","MEDSCAB CR 30GR","DOKTER","10","65450"
"M1N8416","02-12-2020","","0090558","THRESIA ,DR","JL. CITRA NO. 60 RT. 01 RW. 02 PASAR MUARA AMAN, LEBONG -","9684","MEDSCAB LOTION 30GR","DOKTER","5","63750"
"M1N8434","02-12-2020","","0087689","LUKI AKBAR ,DR","JL RAYA BANTEN KOMPLEK SAPTA MARGA NO 5 UNYUR, KEC. SERANG KOTA SERANG,BANTEN 42111","7438","KLODERMA LOTION 30 ML","DOKTER","5","69500"
"M1N8448","02-12-2020","","0042218","RURI DIAH PAMELA ,DR","RS.SUYOTO POLI KULIT DAN KELAMIN JL.VETERAN AYA N0.3 ARAH REMPOA","5136","GLIKODERM MOIST CR 20GR POT 4%","DOKTER","20","13200"
"M1N8492","02-12-2020","","0057364","RIZKA SOFYANTI ,DR","KLINIK MEDI HEALTH JL.ASEM BARIS RAYA NO.3D TEBET -","0195","MEDIKLIN GEL 15 GR","DOKTER","150","22900"
"M1N8492","02-12-2020","","0057364","RIZKA SOFYANTI ,DR","KLINIK MEDI HEALTH JL.ASEM BARIS RAYA NO.3D TEBET -","0196","MEDIKLIN TR GEL 15 GR","DOKTER","150","40300"
"M1N8492","02-12-2020","","0057364","RIZKA SOFYANTI ,DR","KLINIK MEDI HEALTH JL.ASEM BARIS RAYA NO.3D TEBET -","1105","REVIDERM 0,01 CREAM 15 GR","DOKTER","20","26350"
"M1N8493","02-12-2020","","0057364","RIZKA SOFYANTI ,DR","KLINIK MEDI HEALTH JL.ASEM BARIS RAYA NO.3D TEBET -","0812","NIACEF GEL 15 GRAM","DOKTER","30","28700"
"M1N8493","02-12-2020","","0057364","RIZKA SOFYANTI ,DR","KLINIK MEDI HEALTH JL.ASEM BARIS RAYA NO.3D TEBET -","1439","VITACID 0,025% CREAM 15 GR","DOKTER","130","23000"
"M1N8493","02-12-2020","","0057364","RIZKA SOFYANTI ,DR","KLINIK MEDI HEALTH JL.ASEM BARIS RAYA NO.3D TEBET -","0766","VITACID 0,05% CREAM 20 GRAM","DOKTER","200","33800"
"M1N8493","02-12-2020","","0057364","RIZKA SOFYANTI ,DR","KLINIK MEDI HEALTH JL.ASEM BARIS RAYA NO.3D TEBET -","1006","VITACID 0,1% CREAM 20 GR","DOKTER","30","43900"
"M1N8494","02-12-2020","","0057287","DERMALOGY ,KLINIK","JL.TAMAN TELADAN NO.10 RT.004/005 SUKASARI (SAMPING GOR DIMYATI)","B941","SKINBRIGHT FIRMING LOTION 15GR","DOKTER","10","85000"
"M1N8495","02-12-2020","","0042888","MEGAH ESTETIKA PERKASA ,PT","APOTEK DERMASTER JL.TANAH ABANG IV NO.34B GAMBIR -","0038","BENZOLAC CL GEL 10 GR","KLINIK","90","29100"
"M1N8496","02-12-2020","","0042579","YULITA WILIM,DR ,DR","JL.HUSEIN SASTRANEGARA NO.54 BENDA (SAMPING RESTORAN LEMBUR KURING)","4994","SKINBRIGHT A.AGING GOLD SERUM","DOKTER","3","112500"
"M1N8497","02-12-2020","","0085043","ERI ISMAWATI ,DR","JL. RAYA LINTAS PANTAI TIMUR SUMATERA, PURWOREJO, PASIR SAKTI","5831","SKINBRIGHT LP OS BEIGE","DOKTER","5","67500"
"M1N8498","02-12-2020","","0089105","EVA HARTI ,DR","JL TB SUWANDI RT02/ 020 CIRACAS LAMA, SERANG, BANTEN -","4994","SKINBRIGHT A.AGING GOLD SERUM","DOKTER","3","112500"
"M1N8499","02-12-2020","","0089834","HILDA BRIGITTA ,DR","APOTIK KIMIA FARMA  JL. PRAMUKA NO.30 KOLAKA  KEC. LAMOKATO KAB. KOLAKA  SULAWESI TENGGARA  93511","B785","VITACID GEL 0,05% 20GR","DOKTER","10","49500"
"M1N8500","02-12-2020","","0054778","LYDIA WIDJAJA ,DR","KLINIK SHALOM JL.PAHLAWAN SERIBU RUKO BSD JUNTION GALLERY SHOP A 48-50 KOTA TANGERANG SELATANBANTEN15311","4356","PALENOX GEL 15 GR","DOKTER","2","53900"
"M1N8500","02-12-2020","","0054778","LYDIA WIDJAJA ,DR","KLINIK SHALOM JL.PAHLAWAN SERIBU RUKO BSD JUNTION GALLERY SHOP A 48-50 KOTA TANGERANG SELATANBANTEN15311","4046","PARASOL SUNBLOCK GEL 20 GR","DOKTER","2","18700"
"M1N8501","02-12-2020","","0084097","ARISA ,DR","GRAND CILEGON RESIDENCE, JL BOUGENVILLE RAYA NO 85, KEC. CIBEBER KELURAHAN CIBEBER, CILEGON, BANTEN","1009","DESOLEX CREAM 10 GR 0,05%","DOKTER","10","22800"
"M1N8502","02-12-2020","","0054610","DERMIS ,KLINIK","DERMIS SKIN SPECIALIST, GEDUNG KEMANG 88 LT.2 JL.KEMANG RAYA NO.88","0038","BENZOLAC CL GEL 10 GR","KLINIK","3","29100"
"M1N8502","02-12-2020","","0054610","DERMIS ,KLINIK","DERMIS SKIN SPECIALIST, GEDUNG KEMANG 88 LT.2 JL.KEMANG RAYA NO.88","1009","DESOLEX CREAM 10 GR 0,05%","KLINIK","20","22800"
"M1N8502","02-12-2020","","0054610","DERMIS ,KLINIK","DERMIS SKIN SPECIALIST, GEDUNG KEMANG 88 LT.2 JL.KEMANG RAYA NO.88","5065","GLIKODERM 10% AG CR 20 GR","KLINIK","5","36700"
"M1N8502","02-12-2020","","0054610","DERMIS ,KLINIK","DERMIS SKIN SPECIALIST, GEDUNG KEMANG 88 LT.2 JL.KEMANG RAYA NO.88","0829","KLODERMA OINT 10 GR","KLINIK","3","31625"
"M1N8502","02-12-2020","","0054610","DERMIS ,KLINIK","DERMIS SKIN SPECIALIST, GEDUNG KEMANG 88 LT.2 JL.KEMANG RAYA NO.88","0195","MEDIKLIN GEL 15 GR","KLINIK","3","22900"
"M1N8503","02-12-2020","","0061507","CLEVERIA JESSIKA ,DR","JL.BENGRAH RT.04 RW.10 NO.19 CIJANTUNG -","0400","ERYMED PLUS SOLUTION 30 ML","DOKTER","10","42650"
"M1N8503","02-12-2020","","0061507","CLEVERIA JESSIKA ,DR","JL.BENGRAH RT.04 RW.10 NO.19 CIJANTUNG -","4052","GLIKODERM SKIN TONER 100ML PHA","DOKTER","50","18000"
"M1N8503","02-12-2020","","0061507","CLEVERIA JESSIKA ,DR","JL.BENGRAH RT.04 RW.10 NO.19 CIJANTUNG -","1478","MOFACORT CREAM 10 GR","DOKTER","5","66550"
"M1N8503","02-12-2020","","0061507","CLEVERIA JESSIKA ,DR","JL.BENGRAH RT.04 RW.10 NO.19 CIJANTUNG -","2081","PIROTOP CREAM 10 GR","DOKTER","5","59600"
"M1N8503","02-12-2020","","0061507","CLEVERIA JESSIKA ,DR","JL.BENGRAH RT.04 RW.10 NO.19 CIJANTUNG -","1063","TEKASOL OINTMENT 10 GR","DOKTER","5","38150"
"M1N8505","02-12-2020","","0043886","FAFA,DR ,DR","TAMAN SARI 1B NO.39 C (BELAKANG ALFAMIDI,SAMPING DAIHATSU) -","0292","REGROU FORTE SOLUTION 30 ML","DOKTER","10","98850"
"M1N8510","02-12-2020","","0054610","DERMIS ,KLINIK","DERMIS SKIN SPECIALIST, GEDUNG KEMANG 88 LT.2 JL.KEMANG RAYA NO.88","B786","VITACID GEL 0,1% 20GR","KLINIK","5","64950"
"M1N8542","02-12-2020","","0052327","ELVIRA MARYANTI ,DR","VIRSKIN AESTHETIC CLINIQUE JL.HOS COKROAMINOTO NO.28 B/6  KEL.LARANGAN UTARA, KEC.LARANGAN,KOTA TANGERANG  BANTEN  15154","0197","MEDIQUIN CREAM 15 GR","DOKTER","6","30000"
"M1N8542","02-12-2020","","0052327","ELVIRA MARYANTI ,DR","VIRSKIN AESTHETIC CLINIQUE JL.HOS COKROAMINOTO NO.28 B/6  KEL.LARANGAN UTARA, KEC.LARANGAN,KOTA TANGERANG  BANTEN  15154","0766","VITACID 0,05% CREAM 20 GRAM","DOKTER","4","33800"