NO TRANSAKSI,TGL TRANSAKSI,KODE OLDCUSTOMER,KODE CUSTOMER,NAMA CUSTOMER,ALAMAT,KODE BARANG,NAMA BARANG,SEKTOR,QTY BARANG,HNA
M1N8189,1/12/2020,,41801,"INEKE HALIM ,DR",JL.DALTON SELATAN 2 NO.19 CLUSTER DALTON GADING SERPONG -,828,KETOMED SS 60 ML,DOKTER,2,40100
M1N8189,1/12/2020,,41801,"INEKE HALIM ,DR",JL.DALTON SELATAN 2 NO.19 CLUSTER DALTON GADING SERPONG -,520,MELANOX ES 15 GR*,DOKTER,2,59900
M1N8189,1/12/2020,,41801,"INEKE HALIM ,DR",JL.DALTON SELATAN 2 NO.19 CLUSTER DALTON GADING SERPONG -,1478,MOFACORT CREAM 10 GR,DOKTER,2,66550
M1N8189,1/12/2020,,41801,"INEKE HALIM ,DR",JL.DALTON SELATAN 2 NO.19 CLUSTER DALTON GADING SERPONG -,812,NIACEF GEL 15 GRAM,DOKTER,2,28700
M1N8189,1/12/2020,,41801,"INEKE HALIM ,DR",JL.DALTON SELATAN 2 NO.19 CLUSTER DALTON GADING SERPONG -,B941,SKINBRIGHT FIRMING LOTION 15GR,DOKTER,2,85000
M1N8190,1/12/2020,,91770,"NINIS ,IBU",PERUMAHAN MEDITERANIA JL JADE RAYA NO 1 -,519,REFAQUIN CREAM 15 GR,END USER,1,62600
M1N8193,1/12/2020,,81470,"WONGYEOM KIM  ,BAPAK",KARANGPAWITAN NO.255 PT.DAUX . 44182 SINDANGPALAY . KARANGPAWITAN. KABUPATEN GARUT. JAWA BARAT,979,"BENZOLAC 2,5 GEL 5 GRAM",END USER,1,13350
M1N8198,1/12/2020,,88845,"IRWAN SAPUTRA BATUBARA ,DR","JL PERCETAKAN NEGARA V B NO 8 JOHAR BARU,KOTA JAKARTA PUSAT  DKI JAKARTA  10530",195,MEDIKLIN GEL 15 GR,DOKTER,4,22900
M1N8198,1/12/2020,,88845,"IRWAN SAPUTRA BATUBARA ,DR","JL PERCETAKAN NEGARA V B NO 8 JOHAR BARU,KOTA JAKARTA PUSAT  DKI JAKARTA  10530",861,MELANOX FORTE 4% CREAM 15 GRAM,DOKTER,10,31500
M1N8198,1/12/2020,,88845,"IRWAN SAPUTRA BATUBARA ,DR","JL PERCETAKAN NEGARA V B NO 8 JOHAR BARU,KOTA JAKARTA PUSAT  DKI JAKARTA  10530",812,NIACEF GEL 15 GRAM,DOKTER,10,28700
M1N8198,1/12/2020,,88845,"IRWAN SAPUTRA BATUBARA ,DR","JL PERCETAKAN NEGARA V B NO 8 JOHAR BARU,KOTA JAKARTA PUSAT  DKI JAKARTA  10530",B786,"VITACID GEL 0,1% 20GR",DOKTER,5,64950
M1N8220,1/12/2020,,41801,"INEKE HALIM ,DR",JL.DALTON SELATAN 2 NO.19 CLUSTER DALTON GADING SERPONG -,861,MELANOX FORTE 4% CREAM 15 GRAM,DOKTER,1,31500
M1N8228,1/12/2020,,72432,"RENI FAJARWATI ,DR","JL.GANDARIA TENGAH VI NO.9 KRAMAT PELA   KEC.KEBAYORAN BARU,KOTA JAKARTA SELATAN  DKI JAKARTA  12140",38,BENZOLAC CL GEL 10 GR,DOKTER,3,29100
M1N8228,1/12/2020,,72432,"RENI FAJARWATI ,DR","JL.GANDARIA TENGAH VI NO.9 KRAMAT PELA   KEC.KEBAYORAN BARU,KOTA JAKARTA SELATAN  DKI JAKARTA  12140",1009,"DESOLEX CREAM 10 GR 0,05%",DOKTER,2,22800
M1N8228,1/12/2020,,72432,"RENI FAJARWATI ,DR","JL.GANDARIA TENGAH VI NO.9 KRAMAT PELA   KEC.KEBAYORAN BARU,KOTA JAKARTA SELATAN  DKI JAKARTA  12140",4045,GLIKODERM CFC 100 ML,DOKTER,8,24750
M1N8228,1/12/2020,,72432,"RENI FAJARWATI ,DR","JL.GANDARIA TENGAH VI NO.9 KRAMAT PELA   KEC.KEBAYORAN BARU,KOTA JAKARTA SELATAN  DKI JAKARTA  12140",4731,GLIKODERM CFC 4% GLYCOLIC A 10,DOKTER,5,57250
M1N8228,1/12/2020,,72432,"RENI FAJARWATI ,DR","JL.GANDARIA TENGAH VI NO.9 KRAMAT PELA   KEC.KEBAYORAN BARU,KOTA JAKARTA SELATAN  DKI JAKARTA  12140",4052,GLIKODERM SKIN TONER 100ML PHA,DOKTER,5,18000
M1N8228,1/12/2020,,72432,"RENI FAJARWATI ,DR","JL.GANDARIA TENGAH VI NO.9 KRAMAT PELA   KEC.KEBAYORAN BARU,KOTA JAKARTA SELATAN  DKI JAKARTA  12140",6564,HELIATECH SUNSCR SPF45 LOT 30M,DOKTER,4,72500
M1N8228,1/12/2020,,72432,"RENI FAJARWATI ,DR","JL.GANDARIA TENGAH VI NO.9 KRAMAT PELA   KEC.KEBAYORAN BARU,KOTA JAKARTA SELATAN  DKI JAKARTA  12140",195,MEDIKLIN GEL 15 GR,DOKTER,1,22900
M1N8228,1/12/2020,,72432,"RENI FAJARWATI ,DR","JL.GANDARIA TENGAH VI NO.9 KRAMAT PELA   KEC.KEBAYORAN BARU,KOTA JAKARTA SELATAN  DKI JAKARTA  12140",861,MELANOX FORTE 4% CREAM 15 GRAM,DOKTER,3,31500
M1N8228,1/12/2020,,72432,"RENI FAJARWATI ,DR","JL.GANDARIA TENGAH VI NO.9 KRAMAT PELA   KEC.KEBAYORAN BARU,KOTA JAKARTA SELATAN  DKI JAKARTA  12140",1478,MOFACORT CREAM 10 GR,DOKTER,4,66550
M1N8228,1/12/2020,,72432,"RENI FAJARWATI ,DR","JL.GANDARIA TENGAH VI NO.9 KRAMAT PELA   KEC.KEBAYORAN BARU,KOTA JAKARTA SELATAN  DKI JAKARTA  12140",812,NIACEF GEL 15 GRAM,DOKTER,5,28700
M1N8228,1/12/2020,,72432,"RENI FAJARWATI ,DR","JL.GANDARIA TENGAH VI NO.9 KRAMAT PELA   KEC.KEBAYORAN BARU,KOTA JAKARTA SELATAN  DKI JAKARTA  12140",4046,PARASOL SUNBLOCK GEL 20 GR,DOKTER,2,18700
M1N8228,1/12/2020,,72432,"RENI FAJARWATI ,DR","JL.GANDARIA TENGAH VI NO.9 KRAMAT PELA   KEC.KEBAYORAN BARU,KOTA JAKARTA SELATAN  DKI JAKARTA  12140",B785,"VITACID GEL 0,05% 20GR",DOKTER,1,49500
M1N8228,1/12/2020,,72432,"RENI FAJARWATI ,DR","JL.GANDARIA TENGAH VI NO.9 KRAMAT PELA   KEC.KEBAYORAN BARU,KOTA JAKARTA SELATAN  DKI JAKARTA  12140",B786,"VITACID GEL 0,1% 20GR",DOKTER,2,64950
M1N8230,1/12/2020,,52644,"VONNY,DR ,DR",KLINIK MITRA SEHAT JL.RAYA RAGUNAN RT.5/4 PS.MINGGU,3972,GLIKODERM 8% SS POT 20 GR,DOKTER,2,31300
M1N8230,1/12/2020,,52644,"VONNY,DR ,DR",KLINIK MITRA SEHAT JL.RAYA RAGUNAN RT.5/4 PS.MINGGU,4994,SKINBRIGHT A.AGING GOLD SERUM,DOKTER,5,112500
M1N8233,1/12/2020,,42910,"ROSITA,DR ,DR",CLUSTER PASADENA NO.109 MODERNLANDKOTA TANGERANGBANTEN15152,4994,SKINBRIGHT A.AGING GOLD SERUM,DOKTER,30,112500
M1N8238,1/12/2020,,69827,"ARI ,BAPAK",CPP,4994,SKINBRIGHT A.AGING GOLD SERUM,KARYAWAN,1,112500
M1N8252,1/12/2020,,40150,"SOBRI JAMALUDIN ,BAPAK",AMS JL.POS PENGUMBEN RAYA NO.8,1317,DESOLEX-N CREAM 10 GR,END USER,2,28500
M1N8252,1/12/2020,,40150,"SOBRI JAMALUDIN ,BAPAK",AMS JL.POS PENGUMBEN RAYA NO.8,1134,MELANOX UV 25 GR,END USER,2,54500
M1N8252,1/12/2020,,40150,"SOBRI JAMALUDIN ,BAPAK",AMS JL.POS PENGUMBEN RAYA NO.8,812,NIACEF GEL 15 GRAM,END USER,2,28700
M1N8252,1/12/2020,,40150,"SOBRI JAMALUDIN ,BAPAK",AMS JL.POS PENGUMBEN RAYA NO.8,1006,"VITACID 0,1% CREAM 20 GR",END USER,2,43900
M1N8252,1/12/2020,,40150,"SOBRI JAMALUDIN ,BAPAK",AMS JL.POS PENGUMBEN RAYA NO.8,503,VITAQUIN CREAM 15 GR,END USER,2,61600
M1N8259,1/12/2020,,51444,"HUDA HUDAIDA ,DR",JL.PEMANCINGAN 1 NO.35A RT.8/RW.5 SRENGSENG JAKBAR (PLANG AMIFA),4236,TOPICARE CLEANSER 90 ML,DOKTER,5,60500
M1N8259,1/12/2020,,51444,"HUDA HUDAIDA ,DR",JL.PEMANCINGAN 1 NO.35A RT.8/RW.5 SRENGSENG JAKBAR (PLANG AMIFA),4237,TOPICARE SOOTING CR 30 GR,DOKTER,5,72050
M1N8269,1/12/2020,,57364,"RIZKA SOFYANTI ,DR",KLINIK MEDI HEALTH JL.ASEM BARIS RAYA NO.3D TEBET -,D706,HYALUDERM SERUM 15ML,DOKTER,3,99000
M1N8271,1/12/2020,,41801,"INEKE HALIM ,DR",JL.DALTON SELATAN 2 NO.19 CLUSTER DALTON GADING SERPONG -,6564,HELIATECH SUNSCR SPF45 LOT 30M,DOKTER,1,72500
M1N8278,1/12/2020,,41854,"FARA FAUZIAH,DR ,DR",JL.MUNGGANG NO.14 KEL.BALAI KEMBANG CONDET (KL.JASMIN) -,519,REFAQUIN CREAM 15 GR,DOKTER,210,62600
M1N8284,1/12/2020,,86221,"PT. SELESTIAL GRUP INTERNASIONAL ,PT",JL CIBUBUR II BLOK DUKU SMP 258 RT.015 RW.10 NO G. KEC.CIRACAS KEL.CIBUBUR JAKARTA TIMUR 13720,828,KETOMED SS 60 ML,KLINIK,200,40100
M1N8285,1/12/2020,,82826,"KARMAN ,DR",TAMAN OSAKA NO 91 LIPPO KARAWACI TANGERANG -,2130,ERYMED CREAM 20 GR,DOKTER,10,28700
M1N8285,1/12/2020,,82826,"KARMAN ,DR",TAMAN OSAKA NO 91 LIPPO KARAWACI TANGERANG -,1139,KETOMED CREAM 15 GR,DOKTER,5,26200
M1N8286,1/12/2020,,78133,"SEC GREENLAKE ,KLINIK",SEC GREENLAKE CITY RUKO CROWN BLOK E NO. 1 TANGERANG -,4125,GLIKODERM MILK CLEANSER 100 ML,KLINIK,15,20250
M1N8286,1/12/2020,,78133,"SEC GREENLAKE ,KLINIK",SEC GREENLAKE CITY RUKO CROWN BLOK E NO. 1 TANGERANG -,195,MEDIKLIN GEL 15 GR,KLINIK,10,22900
M1N8286,1/12/2020,,78133,"SEC GREENLAKE ,KLINIK",SEC GREENLAKE CITY RUKO CROWN BLOK E NO. 1 TANGERANG -,196,MEDIKLIN TR GEL 15 GR,KLINIK,10,40300
M1N8286,1/12/2020,,78133,"SEC GREENLAKE ,KLINIK",SEC GREENLAKE CITY RUKO CROWN BLOK E NO. 1 TANGERANG -,291,REGROU 2% SOLUTION 30 ML,KLINIK,10,55100
M1N8287,1/12/2020,,83596,"AMELINDA ,DR","PERUMAHAN GRAND CITY CLUSTER FOREST VILLE BLOK K1 NO.18 KEC. BALIKPAPAN UTARA, KOTA BALIKPAPAN, KALTIM",1009,"DESOLEX CREAM 10 GR 0,05%",DOKTER,5,22800
M1N8287,1/12/2020,,83596,"AMELINDA ,DR","PERUMAHAN GRAND CITY CLUSTER FOREST VILLE BLOK K1 NO.18 KEC. BALIKPAPAN UTARA, KOTA BALIKPAPAN, KALTIM",195,MEDIKLIN GEL 15 GR,DOKTER,5,22900
M1N8287,1/12/2020,,83596,"AMELINDA ,DR","PERUMAHAN GRAND CITY CLUSTER FOREST VILLE BLOK K1 NO.18 KEC. BALIKPAPAN UTARA, KOTA BALIKPAPAN, KALTIM",812,NIACEF GEL 15 GRAM,DOKTER,20,28700
M1N8287,1/12/2020,,83596,"AMELINDA ,DR","PERUMAHAN GRAND CITY CLUSTER FOREST VILLE BLOK K1 NO.18 KEC. BALIKPAPAN UTARA, KOTA BALIKPAPAN, KALTIM",4046,PARASOL SUNBLOCK GEL 20 GR,DOKTER,20,18700
M1N8300,1/12/2020,,42160,"SRI INDARTI,DR",GALERI NIAGA MEDITERANIA BLOK K 8 D PANTAI INDAH KAPUK,1109,BENZOLAC 5 GEL 5 GR,DOKTER,10,17600
M1N8395,2/12/2020,,50720,"ALYA ESTETIC ,KLINIK",JL.RAWA BAMBU RAYA BLOK A NO.7B -,4198,GLIKODERM 8 MOIST CR 20 GR,KLINIK,5,15500
M1N8395,2/12/2020,,50720,"ALYA ESTETIC ,KLINIK",JL.RAWA BAMBU RAYA BLOK A NO.7B -,519,REFAQUIN CREAM 15 GR,KLINIK,5,62600
M1N8395,2/12/2020,,50720,"ALYA ESTETIC ,KLINIK",JL.RAWA BAMBU RAYA BLOK A NO.7B -,766,"VITACID 0,05% CREAM 20 GRAM",KLINIK,5,33800
M1N8396,2/12/2020,,40254,"YANI T IMAN ,DR",KLINIK MEDIVITA JL.KEBON JERUK RAYA NO.7 -,828,KETOMED SS 60 ML,DOKTER,3,40100
M1N8396,2/12/2020,,40254,"YANI T IMAN ,DR",KLINIK MEDIVITA JL.KEBON JERUK RAYA NO.7 -,7438,KLODERMA LOTION 30 ML,DOKTER,3,69500
M1N8396,2/12/2020,,40254,"YANI T IMAN ,DR",KLINIK MEDIVITA JL.KEBON JERUK RAYA NO.7 -,291,REGROU 2% SOLUTION 30 ML,DOKTER,3,55100
M1N8397,2/12/2020,,57364,"RIZKA SOFYANTI ,DR",KLINIK MEDI HEALTH JL.ASEM BARIS RAYA NO.3D TEBET -,38,BENZOLAC CL GEL 10 GR,DOKTER,100,29100
M1N8398,2/12/2020,,42389,"NIKEN WULANDARI ,DR",CANTIKA SKIN CARE  PONDOK PINANG CENTER KAV CR 10  JAKARTA SELATAN,3972,GLIKODERM 8% SS POT 20 GR,DOKTER,10,31300
M1N8398,2/12/2020,,42389,"NIKEN WULANDARI ,DR",CANTIKA SKIN CARE  PONDOK PINANG CENTER KAV CR 10  JAKARTA SELATAN,4124,GLIKODERM CFC PHA 100 ML,DOKTER,10,30650
M1N8398,2/12/2020,,42389,"NIKEN WULANDARI ,DR",CANTIKA SKIN CARE  PONDOK PINANG CENTER KAV CR 10  JAKARTA SELATAN,519,REFAQUIN CREAM 15 GR,DOKTER,10,62600
M1N8398,2/12/2020,,42389,"NIKEN WULANDARI ,DR",CANTIKA SKIN CARE  PONDOK PINANG CENTER KAV CR 10  JAKARTA SELATAN,4994,SKINBRIGHT A.AGING GOLD SERUM,DOKTER,5,112500
M1N8400,2/12/2020,,40340,"SAKTI MEDIKA,KL (AN.DR.TINA WARDHANI) ,K",JL.TEBET BARAT 1 NO.5 -,5376,GLIKODERM 35 SOLUTION 30 ML,DOKTER,1,131000
M1N8400,2/12/2020,,40340,"SAKTI MEDIKA,KL (AN.DR.TINA WARDHANI) ,K",JL.TEBET BARAT 1 NO.5 -,5336,GLIKODERM 50 SOLUTION 30 ML,DOKTER,1,193600
M1N8401,2/12/2020,,83075,"MAKERI ,DR","JL.RAYA SERANG SUKAMULYA   KEL.CIKUPA, KEC.CIKUPA,KABUPATEN TANGERANG  BANTEN  15710",7098,MEDSCAB CR 30GR,DOKTER,10,65450
M1N8401,2/12/2020,,83075,"MAKERI ,DR","JL.RAYA SERANG SUKAMULYA   KEL.CIKUPA, KEC.CIKUPA,KABUPATEN TANGERANG  BANTEN  15710",292,REGROU FORTE SOLUTION 30 ML,DOKTER,2,98850
M1N8404,2/12/2020,,40441,"DWI ,DR","JL.SULTAN SYAHRIR NO.30,MENTENG -",1105,"REVIDERM 0,01 CREAM 15 GR",DOKTER,20,26350
M1N8416,2/12/2020,,90558,"THRESIA ,DR","JL. CITRA NO. 60 RT. 01 RW. 02 PASAR MUARA AMAN, LEBONG -",2130,ERYMED CREAM 20 GR,DOKTER,5,28700
M1N8416,2/12/2020,,90558,"THRESIA ,DR","JL. CITRA NO. 60 RT. 01 RW. 02 PASAR MUARA AMAN, LEBONG -",400,ERYMED PLUS SOLUTION 30 ML,DOKTER,5,42650
M1N8416,2/12/2020,,90558,"THRESIA ,DR","JL. CITRA NO. 60 RT. 01 RW. 02 PASAR MUARA AMAN, LEBONG -",1665,ERYMED SOLUTION 30 ML,DOKTER,10,28700
M1N8416,2/12/2020,,90558,"THRESIA ,DR","JL. CITRA NO. 60 RT. 01 RW. 02 PASAR MUARA AMAN, LEBONG -",7098,MEDSCAB CR 30GR,DOKTER,10,65450
M1N8416,2/12/2020,,90558,"THRESIA ,DR","JL. CITRA NO. 60 RT. 01 RW. 02 PASAR MUARA AMAN, LEBONG -",9684,MEDSCAB LOTION 30GR,DOKTER,5,63750
M1N8434,2/12/2020,,87689,"LUKI AKBAR ,DR","JL RAYA BANTEN KOMPLEK SAPTA MARGA NO 5 UNYUR, KEC. SERANG KOTA SERANG,BANTEN 42111",7438,KLODERMA LOTION 30 ML,DOKTER,5,69500
M1N8448,2/12/2020,,42218,"RURI DIAH PAMELA ,DR",RS.SUYOTO POLI KULIT DAN KELAMIN JL.VETERAN AYA N0.3 ARAH REMPOA,5136,GLIKODERM MOIST CR 20GR POT 4%,DOKTER,20,13200
M1N8492,2/12/2020,,57364,"RIZKA SOFYANTI ,DR",KLINIK MEDI HEALTH JL.ASEM BARIS RAYA NO.3D TEBET -,195,MEDIKLIN GEL 15 GR,DOKTER,150,22900
M1N8492,2/12/2020,,57364,"RIZKA SOFYANTI ,DR",KLINIK MEDI HEALTH JL.ASEM BARIS RAYA NO.3D TEBET -,196,MEDIKLIN TR GEL 15 GR,DOKTER,150,40300
M1N8492,2/12/2020,,57364,"RIZKA SOFYANTI ,DR",KLINIK MEDI HEALTH JL.ASEM BARIS RAYA NO.3D TEBET -,1105,"REVIDERM 0,01 CREAM 15 GR",DOKTER,20,26350
M1N8493,2/12/2020,,57364,"RIZKA SOFYANTI ,DR",KLINIK MEDI HEALTH JL.ASEM BARIS RAYA NO.3D TEBET -,812,NIACEF GEL 15 GRAM,DOKTER,30,28700
M1N8493,2/12/2020,,57364,"RIZKA SOFYANTI ,DR",KLINIK MEDI HEALTH JL.ASEM BARIS RAYA NO.3D TEBET -,1439,"VITACID 0,025% CREAM 15 GR",DOKTER,130,23000
M1N8493,2/12/2020,,57364,"RIZKA SOFYANTI ,DR",KLINIK MEDI HEALTH JL.ASEM BARIS RAYA NO.3D TEBET -,766,"VITACID 0,05% CREAM 20 GRAM",DOKTER,200,33800
M1N8493,2/12/2020,,57364,"RIZKA SOFYANTI ,DR",KLINIK MEDI HEALTH JL.ASEM BARIS RAYA NO.3D TEBET -,1006,"VITACID 0,1% CREAM 20 GR",DOKTER,30,43900
M1N8494,2/12/2020,,57287,"DERMALOGY ,KLINIK",JL.TAMAN TELADAN NO.10 RT.004/005 SUKASARI (SAMPING GOR DIMYATI),B941,SKINBRIGHT FIRMING LOTION 15GR,DOKTER,10,85000
M1N8495,2/12/2020,,42888,"MEGAH ESTETIKA PERKASA ,PT",APOTEK DERMASTER JL.TANAH ABANG IV NO.34B GAMBIR -,38,BENZOLAC CL GEL 10 GR,KLINIK,90,29100
M1N8496,2/12/2020,,42579,"YULITA WILIM,DR ,DR",JL.HUSEIN SASTRANEGARA NO.54 BENDA (SAMPING RESTORAN LEMBUR KURING),4994,SKINBRIGHT A.AGING GOLD SERUM,DOKTER,3,112500
M1N8497,2/12/2020,,85043,"ERI ISMAWATI ,DR","JL. RAYA LINTAS PANTAI TIMUR SUMATERA, PURWOREJO, PASIR SAKTI",5831,SKINBRIGHT LP OS BEIGE,DOKTER,5,67500
M1N8498,2/12/2020,,89105,"EVA HARTI ,DR","JL TB SUWANDI RT02/ 020 CIRACAS LAMA, SERANG, BANTEN -",4994,SKINBRIGHT A.AGING GOLD SERUM,DOKTER,3,112500
M1N8499,2/12/2020,,89834,"HILDA BRIGITTA ,DR",APOTIK KIMIA FARMA  JL. PRAMUKA NO.30 KOLAKA  KEC. LAMOKATO KAB. KOLAKA  SULAWESI TENGGARA  93511,B785,"VITACID GEL 0,05% 20GR",DOKTER,10,49500
M1N8500,2/12/2020,,54778,"LYDIA WIDJAJA ,DR",KLINIK SHALOM JL.PAHLAWAN SERIBU RUKO BSD JUNTION GALLERY SHOP A 48-50 KOTA TANGERANG SELATANBANTEN15311,4356,PALENOX GEL 15 GR,DOKTER,2,53900
M1N8500,2/12/2020,,54778,"LYDIA WIDJAJA ,DR",KLINIK SHALOM JL.PAHLAWAN SERIBU RUKO BSD JUNTION GALLERY SHOP A 48-50 KOTA TANGERANG SELATANBANTEN15311,4046,PARASOL SUNBLOCK GEL 20 GR,DOKTER,2,18700
M1N8501,2/12/2020,,84097,"ARISA ,DR","GRAND CILEGON RESIDENCE, JL BOUGENVILLE RAYA NO 85, KEC. CIBEBER KELURAHAN CIBEBER, CILEGON, BANTEN",1009,"DESOLEX CREAM 10 GR 0,05%",DOKTER,10,22800
M1N8502,2/12/2020,,54610,"DERMIS ,KLINIK","DERMIS SKIN SPECIALIST, GEDUNG KEMANG 88 LT.2 JL.KEMANG RAYA NO.88",38,BENZOLAC CL GEL 10 GR,KLINIK,3,29100
M1N8502,2/12/2020,,54610,"DERMIS ,KLINIK","DERMIS SKIN SPECIALIST, GEDUNG KEMANG 88 LT.2 JL.KEMANG RAYA NO.88",1009,"DESOLEX CREAM 10 GR 0,05%",KLINIK,20,22800
M1N8502,2/12/2020,,54610,"DERMIS ,KLINIK","DERMIS SKIN SPECIALIST, GEDUNG KEMANG 88 LT.2 JL.KEMANG RAYA NO.88",5065,GLIKODERM 10% AG CR 20 GR,KLINIK,5,36700
M1N8502,2/12/2020,,54610,"DERMIS ,KLINIK","DERMIS SKIN SPECIALIST, GEDUNG KEMANG 88 LT.2 JL.KEMANG RAYA NO.88",829,KLODERMA OINT 10 GR,KLINIK,3,31625
M1N8502,2/12/2020,,54610,"DERMIS ,KLINIK","DERMIS SKIN SPECIALIST, GEDUNG KEMANG 88 LT.2 JL.KEMANG RAYA NO.88",195,MEDIKLIN GEL 15 GR,KLINIK,3,22900
M1N8503,2/12/2020,,61507,"CLEVERIA JESSIKA ,DR",JL.BENGRAH RT.04 RW.10 NO.19 CIJANTUNG -,400,ERYMED PLUS SOLUTION 30 ML,DOKTER,10,42650
M1N8503,2/12/2020,,61507,"CLEVERIA JESSIKA ,DR",JL.BENGRAH RT.04 RW.10 NO.19 CIJANTUNG -,4052,GLIKODERM SKIN TONER 100ML PHA,DOKTER,50,18000
M1N8503,2/12/2020,,61507,"CLEVERIA JESSIKA ,DR",JL.BENGRAH RT.04 RW.10 NO.19 CIJANTUNG -,1478,MOFACORT CREAM 10 GR,DOKTER,5,66550
M1N8503,2/12/2020,,61507,"CLEVERIA JESSIKA ,DR",JL.BENGRAH RT.04 RW.10 NO.19 CIJANTUNG -,2081,PIROTOP CREAM 10 GR,DOKTER,5,59600
M1N8503,2/12/2020,,61507,"CLEVERIA JESSIKA ,DR",JL.BENGRAH RT.04 RW.10 NO.19 CIJANTUNG -,1063,TEKASOL OINTMENT 10 GR,DOKTER,5,38150
M1N8505,2/12/2020,,43886,"FAFA,DR ,DR","TAMAN SARI 1B NO.39 C (BELAKANG ALFAMIDI,SAMPING DAIHATSU) -",292,REGROU FORTE SOLUTION 30 ML,DOKTER,10,98850
M1N8510,2/12/2020,,54610,"DERMIS ,KLINIK","DERMIS SKIN SPECIALIST, GEDUNG KEMANG 88 LT.2 JL.KEMANG RAYA NO.88",B786,"VITACID GEL 0,1% 20GR",KLINIK,5,64950
M1N8542,2/12/2020,,52327,"ELVIRA MARYANTI ,DR","VIRSKIN AESTHETIC CLINIQUE JL.HOS COKROAMINOTO NO.28 B/6  KEL.LARANGAN UTARA, KEC.LARANGAN,KOTA TANGERANG  BANTEN  15154",197,MEDIQUIN CREAM 15 GR,DOKTER,6,30000
M1N8542,2/12/2020,,52327,"ELVIRA MARYANTI ,DR","VIRSKIN AESTHETIC CLINIQUE JL.HOS COKROAMINOTO NO.28 B/6  KEL.LARANGAN UTARA, KEC.LARANGAN,KOTA TANGERANG  BANTEN  15154",766,"VITACID 0,05% CREAM 20 GRAM",DOKTER,4,33800
M1N8551,3/12/2020,,84836,"SANDRANILA ESTHER ,DR","JL. BUNGA RAYA BLOK D 5 NO. 2-3, SANGIANG, TANGERANG -",1600,DEPIGMEN TOPICAL SOLUTION 30ML,DOKTER,75,50300
M1N8551,3/12/2020,,84836,"SANDRANILA ESTHER ,DR","JL. BUNGA RAYA BLOK D 5 NO. 2-3, SANGIANG, TANGERANG -",400,ERYMED PLUS SOLUTION 30 ML,DOKTER,375,42650
M1N8551,3/12/2020,,84836,"SANDRANILA ESTHER ,DR","JL. BUNGA RAYA BLOK D 5 NO. 2-3, SANGIANG, TANGERANG -",5477,PARASOL SB CR SPF33 500GR (ORA,DOKTER,12,1238000
M1N8576,3/12/2020,,87728,"BADIYAH ,DR",KLINIK AHSAN MEDIKA. BLOK F4 NO.1 CIPOCOK JAYA – SERANG (PINGGIR INDOMART),165,KETOMED GEL 15 GR,DOKTER,10,26200
M1N8576,3/12/2020,,87728,"BADIYAH ,DR",KLINIK AHSAN MEDIKA. BLOK F4 NO.1 CIPOCOK JAYA – SERANG (PINGGIR INDOMART),829,KLODERMA OINT 10 GR,DOKTER,5,31625
M1N8576,3/12/2020,,87728,"BADIYAH ,DR",KLINIK AHSAN MEDIKA. BLOK F4 NO.1 CIPOCOK JAYA – SERANG (PINGGIR INDOMART),9684,MEDSCAB LOTION 30GR,DOKTER,4,63750
M1N8576,3/12/2020,,87728,"BADIYAH ,DR",KLINIK AHSAN MEDIKA. BLOK F4 NO.1 CIPOCOK JAYA – SERANG (PINGGIR INDOMART),519,REFAQUIN CREAM 15 GR,DOKTER,5,62600
M1N8577,3/12/2020,,44718,"DEWI ANGGRAENI ,DR",JL.RAYA KEDASIH NO.112 JABABEKA 2 CIKARANG UTARA APT.KIMIA FARMA,298,SAGALON CREAM 10 GR,DOKTER,10,36650
M1N8578,3/12/2020,,42316,"SOTYA PRASARI,DR ,DR",BANJAR WIJAYA A 11/12A CIPONDOH -,8136,SKINBRIGHT LIP TREATMENT MOIST,DOKTER,4,75000
M1N8579,3/12/2020,,79485,"ANGGANA FIKA SPKK ,DR","GRAHA RAYA CLUSTER ANGGREK LOKA BLOK A1 NO. 34, PAKUJAYA SERPONG UTARA.",4045,GLIKODERM CFC 100 ML,DOKTER,15,24750
M1N8580,3/12/2020,,70528,"LIANA DEWI SUHADI  ,DR","RUKO GOLDEN 8 JL.PANJANG NO.8 C RT.005/011KEDOYA , KEC.KEBON JERUK,KOTA JAKARTA BARATDKI JAKARTA11520",1738,CARMED 20% CREAM 40 GR,DOKTER,10,37300
M1N8581,3/12/2020,,42112,"DEWI MULYAWAN,DR ,DR",PERUM DASANA INDAH BLOK RG 7 NO.1 BOJONG NANGKA KELAPA DUA -,4994,SKINBRIGHT A.AGING GOLD SERUM,DOKTER,2,112500
M1N8601,3/12/2020,,41945,"AVEIA CLINIC ,DR",JL.PURWOREJO NO.27 MENTENG -,1009,"DESOLEX CREAM 10 GR 0,05%",DOKTER,6,22800
M1N8601,3/12/2020,,41945,"AVEIA CLINIC ,DR",JL.PURWOREJO NO.27 MENTENG -,1576,KLODERMA CREAM 10 GR,DOKTER,10,31625
M1N8621,3/12/2020,,50657,"FITRIA AGUSTINA,DR ,DR",JL.BENDUNGAN HILIR RAYA NO.35 -,38,BENZOLAC CL GEL 10 GR,DOKTER,2,29100
M1N8621,3/12/2020,,50657,"FITRIA AGUSTINA,DR ,DR",JL.BENDUNGAN HILIR RAYA NO.35 -,1009,"DESOLEX CREAM 10 GR 0,05%",DOKTER,1,22800
M1N8621,3/12/2020,,50657,"FITRIA AGUSTINA,DR ,DR",JL.BENDUNGAN HILIR RAYA NO.35 -,861,MELANOX FORTE 4% CREAM 15 GRAM,DOKTER,10,31500
M1N8621,3/12/2020,,50657,"FITRIA AGUSTINA,DR ,DR",JL.BENDUNGAN HILIR RAYA NO.35 -,1478,MOFACORT CREAM 10 GR,DOKTER,5,66550
M1N8621,3/12/2020,,50657,"FITRIA AGUSTINA,DR ,DR",JL.BENDUNGAN HILIR RAYA NO.35 -,9685,SKINBRIGHT LIGHT CC CREAM NATU,DOKTER,2,59500
M1N8621,3/12/2020,,50657,"FITRIA AGUSTINA,DR ,DR",JL.BENDUNGAN HILIR RAYA NO.35 -,1439,"VITACID 0,025% CREAM 15 GR",DOKTER,10,23000
M1N8621,3/12/2020,,50657,"FITRIA AGUSTINA,DR ,DR",JL.BENDUNGAN HILIR RAYA NO.35 -,1006,"VITACID 0,1% CREAM 20 GR",DOKTER,10,43900
M1N8623,3/12/2020,,40559,"RETNO WIDOWATI,PROF ,DR",JL.DR SAHARJO NO.200 -,520,MELANOX ES 15 GR*,DOKTER,6,59900
M1N8623,3/12/2020,,40559,"RETNO WIDOWATI,PROF ,DR",JL.DR SAHARJO NO.200 -,812,NIACEF GEL 15 GRAM,DOKTER,3,28700
M1N8623,3/12/2020,,40559,"RETNO WIDOWATI,PROF ,DR",JL.DR SAHARJO NO.200 -,519,REFAQUIN CREAM 15 GR,DOKTER,15,62600
M1N8623,3/12/2020,,40559,"RETNO WIDOWATI,PROF ,DR",JL.DR SAHARJO NO.200 -,329,"VITACID 0,025% GELL 20 GR",DOKTER,6,23000
M1N8623,3/12/2020,,40559,"RETNO WIDOWATI,PROF ,DR",JL.DR SAHARJO NO.200 -,1006,"VITACID 0,1% CREAM 20 GR",DOKTER,6,43900
M1N8629,3/12/2020,,66741,"HARIANTO,DR ,DR",KLINIK ENKLA TAMAN DUTAMAS JL.KUSUMA 1A BLOK B2 NO.1 (ROLLINGGATEWARNAPINK),B785,"VITACID GEL 0,05% 20GR",DOKTER,3,49500
M1N8629,3/12/2020,,66741,"HARIANTO,DR ,DR",KLINIK ENKLA TAMAN DUTAMAS JL.KUSUMA 1A BLOK B2 NO.1 (ROLLINGGATEWARNAPINK),B786,"VITACID GEL 0,1% 20GR",DOKTER,2,64950
M1N8666,3/12/2020,,54349,"KHAERUDDIN DJAWAD ,DR",JL.HERTASNING IX PERUBAHAN GUBERNUR E17/12 MAKASSAR -,1009,"DESOLEX CREAM 10 GR 0,05%",DOKTER,20,22800
M1N8666,3/12/2020,,54349,"KHAERUDDIN DJAWAD ,DR",JL.HERTASNING IX PERUBAHAN GUBERNUR E17/12 MAKASSAR -,1139,KETOMED CREAM 15 GR,DOKTER,20,26200
M1N8666,3/12/2020,,54349,"KHAERUDDIN DJAWAD ,DR",JL.HERTASNING IX PERUBAHAN GUBERNUR E17/12 MAKASSAR -,829,KLODERMA OINT 10 GR,DOKTER,60,31625
M1N8666,3/12/2020,,54349,"KHAERUDDIN DJAWAD ,DR",JL.HERTASNING IX PERUBAHAN GUBERNUR E17/12 MAKASSAR -,195,MEDIKLIN GEL 15 GR,DOKTER,20,22900
M1N8666,3/12/2020,,54349,"KHAERUDDIN DJAWAD ,DR",JL.HERTASNING IX PERUBAHAN GUBERNUR E17/12 MAKASSAR -,7098,MEDSCAB CR 30GR,DOKTER,10,65450
M1N8666,3/12/2020,,54349,"KHAERUDDIN DJAWAD ,DR",JL.HERTASNING IX PERUBAHAN GUBERNUR E17/12 MAKASSAR -,1063,TEKASOL OINTMENT 10 GR,DOKTER,10,38150
M1N8666,3/12/2020,,54349,"KHAERUDDIN DJAWAD ,DR",JL.HERTASNING IX PERUBAHAN GUBERNUR E17/12 MAKASSAR -,B785,"VITACID GEL 0,05% 20GR",DOKTER,20,49500
M1N8667,3/12/2020,,53437,"CINTHIA GISCA ,DR",JL.BAWEAN 2 NO.29 SUKARAME BANDAR LAMPUNG -,38,BENZOLAC CL GEL 10 GR,DOKTER,50,29100
M1N8667,3/12/2020,,53437,"CINTHIA GISCA ,DR",JL.BAWEAN 2 NO.29 SUKARAME BANDAR LAMPUNG -,292,REGROU FORTE SOLUTION 30 ML,DOKTER,20,98850
M1N8667,3/12/2020,,53437,"CINTHIA GISCA ,DR",JL.BAWEAN 2 NO.29 SUKARAME BANDAR LAMPUNG -,1439,"VITACID 0,025% CREAM 15 GR",DOKTER,50,23000
M1N8667,3/12/2020,,53437,"CINTHIA GISCA ,DR",JL.BAWEAN 2 NO.29 SUKARAME BANDAR LAMPUNG -,766,"VITACID 0,05% CREAM 20 GRAM",DOKTER,20,33800
M1N8668,3/12/2020,,53437,"CINTHIA GISCA ,DR",JL.BAWEAN 2 NO.29 SUKARAME BANDAR LAMPUNG -,828,KETOMED SS 60 ML,DOKTER,50,40100
M1N8668,3/12/2020,,53437,"CINTHIA GISCA ,DR",JL.BAWEAN 2 NO.29 SUKARAME BANDAR LAMPUNG -,2142,KLODERMA OINT 5 GR,DOKTER,100,20350
M1N8671,3/12/2020,,41968,"DAULAT ,DR",APOTIK KELLYN MEDIKA JL.DANAU TOBA NO.28 A-B SAMARINDA -,829,KLODERMA OINT 10 GR,DOKTER,50,31625
M1N8671,3/12/2020,,41968,"DAULAT ,DR",APOTIK KELLYN MEDIKA JL.DANAU TOBA NO.28 A-B SAMARINDA -,2081,PIROTOP CREAM 10 GR,DOKTER,30,59600
M1N8677,3/12/2020,,91839,"KLINIK AINA ,KLINIK","AINA BEAUTY CENTER. JL. VETERAN NO. 2B ALUN-ALUN SERANG SAMPING RAMAYANA , KELURAHAN KOTA BARU, KEC. SERANG - BANTEN 421",1665,ERYMED SOLUTION 30 ML,KLINIK,10,28700
M1N8678,3/12/2020,,83760,"HALIDINA ,DR",JL. KRUING RAYA TIMUR RT. 13 NO. 22 BATU AMPAR -,4994,SKINBRIGHT A.AGING GOLD SERUM,DOKTER,10,112500
M1N8679,3/12/2020,,40254,"YANI T IMAN ,DR",KLINIK MEDIVITA JL.KEBON JERUK RAYA NO.7 -,1478,MOFACORT CREAM 10 GR,DOKTER,10,66550
M1N8679,3/12/2020,,40254,"YANI T IMAN ,DR",KLINIK MEDIVITA JL.KEBON JERUK RAYA NO.7 -,5208,TOPICARE + CERAMIDE CR 100 GR,DOKTER,5,137500
M1N8679,3/12/2020,,40254,"YANI T IMAN ,DR",KLINIK MEDIVITA JL.KEBON JERUK RAYA NO.7 -,4236,TOPICARE CLEANSER 90 ML,DOKTER,5,60500
M1N8680,3/12/2020,,52327,"ELVIRA MARYANTI ,DR","VIRSKIN AESTHETIC CLINIQUE JL.HOS COKROAMINOTO NO.28 B/6  KEL.LARANGAN UTARA, KEC.LARANGAN,KOTA TANGERANG  BANTEN  15154",9684,MEDSCAB LOTION 30GR,DOKTER,2,63750
M1N8683,3/12/2020,,73823,"DIAH ARTANTI ,DR","KLINIK DERMALUX SKIN CLINIC JL.MANGGA BESAR VIII NO.12Q TAMAN SARIKEL.TAMAN SARI, KEC.TAMAN SARI,KOTA JAKARTA BARATDKI J",1009,"DESOLEX CREAM 10 GR 0,05%",DOKTER,10,22800
M1N8683,3/12/2020,,73823,"DIAH ARTANTI ,DR","KLINIK DERMALUX SKIN CLINIC JL.MANGGA BESAR VIII NO.12Q TAMAN SARIKEL.TAMAN SARI, KEC.TAMAN SARI,KOTA JAKARTA BARATDKI J",519,REFAQUIN CREAM 15 GR,DOKTER,10,62600
M1N8708,4/12/2020,,89265,"ERIKA DEWI. SP.KK ,DR",JL. BANJAR INDAH KOMPLEK HAYATI RESIDENCE BLOK H NO. 5 BANJARMASIN KALIMANTAN SELATAN,C390,HYALUDERM FACE MOIST CR 15GR,DOKTER,50,93500
M1N8710,4/12/2020,,42310,"SILVIA HARTONO,DR ,DR","RUKO SPARKS A NO.16 GADING SERPONG KLINIK FAIRYTALE AESTHETIC   KEL.SERPONG, KEC.SERPONG,KOTA TANGERANG SELATAN  BANTEN",5208,TOPICARE + CERAMIDE CR 100 GR,DOKTER,3,137500
M1N8711,4/12/2020,,55632,"WANG SURYANI ,DR",PT.SOLUDERMA ESTETIKA INDONESIA MALL PIK AVENUE LT.6 KANTOR CRE8 WORKING SPACE,519,REFAQUIN CREAM 15 GR,DOKTER,10,62600
M1N8711,4/12/2020,,55632,"WANG SURYANI ,DR",PT.SOLUDERMA ESTETIKA INDONESIA MALL PIK AVENUE LT.6 KANTOR CRE8 WORKING SPACE,B786,"VITACID GEL 0,1% 20GR",DOKTER,10,64950
M1N8713,4/12/2020,,42508,"JIHAN ROSITA,DR ,DR",JL.BIDURI BULAN 3 KOMPLEK PERMATA HIJAU BLOK O NO.12 RT/RW:06/01,1009,"DESOLEX CREAM 10 GR 0,05%",DOKTER,5,22800
M1N8713,4/12/2020,,42508,"JIHAN ROSITA,DR ,DR",JL.BIDURI BULAN 3 KOMPLEK PERMATA HIJAU BLOK O NO.12 RT/RW:06/01,1576,KLODERMA CREAM 10 GR,DOKTER,5,31625
M1N8713,4/12/2020,,42508,"JIHAN ROSITA,DR ,DR",JL.BIDURI BULAN 3 KOMPLEK PERMATA HIJAU BLOK O NO.12 RT/RW:06/01,195,MEDIKLIN GEL 15 GR,DOKTER,5,22900
M1N8725,4/12/2020,,60038,"JONATHAN ,DR",KEBON JERUK BARU BLOK A2 NO.1 -,C390,HYALUDERM FACE MOIST CR 15GR,DOKTER,10,93500
M1N8728,4/12/2020,,91840,"LANNY PURNAMA ,DR",TK KOTA BANTEN. JL TIRTAYASA NO 42 SERANG -,1478,MOFACORT CREAM 10 GR,DOKTER,2,66550
M1N8728,4/12/2020,,91840,"LANNY PURNAMA ,DR",TK KOTA BANTEN. JL TIRTAYASA NO 42 SERANG -,1439,"VITACID 0,025% CREAM 15 GR",DOKTER,5,23000
M1N8741,4/12/2020,,91851,"KLINIK BABAT MEDIKA ,KLINIK","JL RAYA SERDANG IYUH, RT 03 RW 03, CAKUNG, BABAT, KEC. LEGOK, TANGERANG, BANTEN 15820",B304,ESDEE GEL 15GR,KLINIK,1,33275
M1N8741,4/12/2020,,91851,"KLINIK BABAT MEDIKA ,KLINIK","JL RAYA SERDANG IYUH, RT 03 RW 03, CAKUNG, BABAT, KEC. LEGOK, TANGERANG, BANTEN 15820",6564,HELIATECH SUNSCR SPF45 LOT 30M,KLINIK,1,72500
M1N8741,4/12/2020,,91851,"KLINIK BABAT MEDIKA ,KLINIK","JL RAYA SERDANG IYUH, RT 03 RW 03, CAKUNG, BABAT, KEC. LEGOK, TANGERANG, BANTEN 15820",4994,SKINBRIGHT A.AGING GOLD SERUM,KLINIK,1,112500
M1N8750,4/12/2020,,53439,"REFLA SYARIF ,DR",APOTEK ERMEDIKA RUKO GOLDEN PARK NO.7 LENGKONG KARYA BSD  KOTA TANGERANG  BANTEN  15117,1063,TEKASOL OINTMENT 10 GR,DOKTER,10,38150
M1N8771,4/12/2020,,47661,"HERA ,IBU",JL.LEMBANG NO.14 MENTENG,5198,GLIKODERM PEEL NEUTRALIZER 200,END USER,1,82500
M1N8785,4/12/2020,,62337,SRI LESTARI.DR,JL.JANUR KUNING V BLOK WK NO.12 KELAPA GADING,7438,KLODERMA LOTION 30 ML,DOKTER,5,69500
M1N8785,4/12/2020,,62337,SRI LESTARI.DR,JL.JANUR KUNING V BLOK WK NO.12 KELAPA GADING,5830,SKINBRIGHT LP OS NATURAL,DOKTER,2,67500
M1N8789,4/12/2020,,41597,"SITI NURDATHIYAH ,IBU",CPP -,4994,SKINBRIGHT A.AGING GOLD SERUM,KARYAWAN,1,112500
M1N8790,4/12/2020,,74964,"RITA FADILAH ,DR","KLINIK ARITA   JL.QADR 3 NO.11 ISLAMIC VILLAGE, KARAWACI TANGERANG   KOTA TANGERANG  BANTEN  15117",9887,REFAQUIN CREAM 10GR,DOKTER,15,42500
M1N8792,4/12/2020,,87587,"ANOVI SASMITA ,DR","KP.LEGOK KOPRAH RT/RW 02/ 01 DESA SINDANG HAYU, KEC. SAKETI PANDEGLANG-BANTEN",4994,SKINBRIGHT A.AGING GOLD SERUM,DOKTER,5,112500
M1N8792,4/12/2020,,87587,"ANOVI SASMITA ,DR","KP.LEGOK KOPRAH RT/RW 02/ 01 DESA SINDANG HAYU, KEC. SAKETI PANDEGLANG-BANTEN",9729,SKINBRIGHT LIGHT CC CREAM BEIG,DOKTER,10,59500
M1N8793,4/12/2020,,84836,"SANDRANILA ESTHER ,DR","JL. BUNGA RAYA BLOK D 5 NO. 2-3, SANGIANG, TANGERANG -",1600,DEPIGMEN TOPICAL SOLUTION 30ML,DOKTER,75,50300
M1N8793,4/12/2020,,84836,"SANDRANILA ESTHER ,DR","JL. BUNGA RAYA BLOK D 5 NO. 2-3, SANGIANG, TANGERANG -",400,ERYMED PLUS SOLUTION 30 ML,DOKTER,300,42650
M1N8793,4/12/2020,,84836,"SANDRANILA ESTHER ,DR","JL. BUNGA RAYA BLOK D 5 NO. 2-3, SANGIANG, TANGERANG -",5477,PARASOL SB CR SPF33 500GR (ORA,DOKTER,3,1238000
M1N8796,4/12/2020,,41957,"ANDREAS WIDIANSYAH,DR",JL.TERATAI CB 4 SOLO BARU,4045,GLIKODERM CFC 100 ML,DOKTER,200,24750
M1N8796,4/12/2020,,41957,"ANDREAS WIDIANSYAH,DR",JL.TERATAI CB 4 SOLO BARU,4125,GLIKODERM MILK CLEANSER 100 ML,DOKTER,200,20250
M1N8796,4/12/2020,,41957,"ANDREAS WIDIANSYAH,DR",JL.TERATAI CB 4 SOLO BARU,4052,GLIKODERM SKIN TONER 100ML PHA,DOKTER,300,18000
M1N8796,4/12/2020,,41957,"ANDREAS WIDIANSYAH,DR",JL.TERATAI CB 4 SOLO BARU,1139,KETOMED CREAM 15 GR,DOKTER,200,26200
M1N8796,4/12/2020,,41957,"ANDREAS WIDIANSYAH,DR",JL.TERATAI CB 4 SOLO BARU,195,MEDIKLIN GEL 15 GR,DOKTER,500,22900
M1N8796,4/12/2020,,41957,"ANDREAS WIDIANSYAH,DR",JL.TERATAI CB 4 SOLO BARU,520,MELANOX ES 15 GR*,DOKTER,50,59900
M1N8809,4/12/2020,,79930,"ERLINA FERIYANI ,DR",JLN. PANGERAN MAT ALI DESA GEDUNG MULYA RK 2 KECAMATAN TANJUNG RAYA KABUPATEN MESUJI PROVINSI LAMPUNG,4125,GLIKODERM MILK CLEANSER 100 ML,DOKTER,15,20250
M1N8809,4/12/2020,,79930,"ERLINA FERIYANI ,DR",JLN. PANGERAN MAT ALI DESA GEDUNG MULYA RK 2 KECAMATAN TANJUNG RAYA KABUPATEN MESUJI PROVINSI LAMPUNG,4994,SKINBRIGHT A.AGING GOLD SERUM,DOKTER,5,112500
M1N8832,4/12/2020,,41940,"RIZKI SARI ,DR",APARTEMEN THE HABITAT RC.09 TOWER PRINCETON JL.FLAMBOYAN PERUM HARAPAN KITA KARAWACI,2081,PIROTOP CREAM 10 GR,DOKTER,2,59600
M1N8832,4/12/2020,,41940,"RIZKI SARI ,DR",APARTEMEN THE HABITAT RC.09 TOWER PRINCETON JL.FLAMBOYAN PERUM HARAPAN KITA KARAWACI,291,REGROU 2% SOLUTION 30 ML,DOKTER,3,55100
M1N8833,4/12/2020,,91853,"A.WIDYA ROSWITA ,DR","JL.YOS SUDARSO NO A7,PARANG LAYANG,KEC.BONTOALA, KOTA MAKASSAR",5276,GLIKODERM MILK CL 1000 ML,DOKTER,1,193600
M1N8833,4/12/2020,,91853,"A.WIDYA ROSWITA ,DR","JL.YOS SUDARSO NO A7,PARANG LAYANG,KEC.BONTOALA, KOTA MAKASSAR",1585,MOFACORT CREAM 5 GR,DOKTER,3,34900
M1N8855,5/12/2020,,49835,"PT.SULICO ,PT",JL.WOLTER MONGINSIDI NO.32 RT.001 RW.006 PETOGOGAN KEBAYORANBARU,1006,"VITACID 0,1% CREAM 20 GR",KLINIK,67,43900
M1N8856,5/12/2020,,40544,"QATRA,DR,SPKK ,DR",JL.DEWI SARTIKA NO.198 B CAWANG -,195,MEDIKLIN GEL 15 GR,DOKTER,67,22900
M1N8856,5/12/2020,,40544,"QATRA,DR,SPKK ,DR",JL.DEWI SARTIKA NO.198 B CAWANG -,196,MEDIKLIN TR GEL 15 GR,DOKTER,34,40300
M1N8872,5/12/2020,,78129,"LIANAKA ,KLINIK",GD.CIBIS NINE THE VERANDA LG SP 09   (SAMPING INDOMARET SEBELAH MUSHOLAH)  CILANDAK TIMUR PASAR MINGGU   KEL.CILANDAK TI,1109,BENZOLAC 5 GEL 5 GR,KLINIK,5,17600
M1N8872,5/12/2020,,78129,"LIANAKA ,KLINIK",GD.CIBIS NINE THE VERANDA LG SP 09   (SAMPING INDOMARET SEBELAH MUSHOLAH)  CILANDAK TIMUR PASAR MINGGU   KEL.CILANDAK TI,1009,"DESOLEX CREAM 10 GR 0,05%",KLINIK,5,22800
M1N8873,5/12/2020,,40813,"STEFANI,DR",JL.SAWO 15 MENTENG,1009,"DESOLEX CREAM 10 GR 0,05%",DOKTER,5,22800
M1N8873,5/12/2020,,40813,"STEFANI,DR",JL.SAWO 15 MENTENG,7438,KLODERMA LOTION 30 ML,DOKTER,6,69500
M1N8873,5/12/2020,,40813,"STEFANI,DR",JL.SAWO 15 MENTENG,1105,"REVIDERM 0,01 CREAM 15 GR",DOKTER,24,26350
M1N8873,5/12/2020,,40813,"STEFANI,DR",JL.SAWO 15 MENTENG,4236,TOPICARE CLEANSER 90 ML,DOKTER,24,60500
M1N8873,5/12/2020,,40813,"STEFANI,DR",JL.SAWO 15 MENTENG,1439,"VITACID 0,025% CREAM 15 GR",DOKTER,12,23000
M1N8873,5/12/2020,,40813,"STEFANI,DR",JL.SAWO 15 MENTENG,1006,"VITACID 0,1% CREAM 20 GR",DOKTER,12,43900
M1N8874,5/12/2020,,41772,"SOFIA WINDARTI ,DR",JL.LONTAR NO.3B RT 14/07 MENTENG ATAS -,4045,GLIKODERM CFC 100 ML,DOKTER,25,24750
M1N8875,5/12/2020,,41945,"AVEIA CLINIC ,DR",JL.PURWOREJO NO.27 MENTENG -,1009,"DESOLEX CREAM 10 GR 0,05%",DOKTER,8,22800
M1N8875,5/12/2020,,41945,"AVEIA CLINIC ,DR",JL.PURWOREJO NO.27 MENTENG -,1139,KETOMED CREAM 15 GR,DOKTER,8,26200
M1N8875,5/12/2020,,41945,"AVEIA CLINIC ,DR",JL.PURWOREJO NO.27 MENTENG -,1576,KLODERMA CREAM 10 GR,DOKTER,10,31625
M1N8879,5/12/2020,,42316,"SOTYA PRASARI,DR ,DR",BANJAR WIJAYA A 11/12A CIPONDOH -,1950,ERYMED GEL 15 GR,DOKTER,5,28700
M1N8879,5/12/2020,,42316,"SOTYA PRASARI,DR ,DR",BANJAR WIJAYA A 11/12A CIPONDOH -,B304,ESDEE GEL 15GR,DOKTER,15,33275
M1N8879,5/12/2020,,42316,"SOTYA PRASARI,DR ,DR",BANJAR WIJAYA A 11/12A CIPONDOH -,1576,KLODERMA CREAM 10 GR,DOKTER,15,31625
M1N8879,5/12/2020,,42316,"SOTYA PRASARI,DR ,DR",BANJAR WIJAYA A 11/12A CIPONDOH -,829,KLODERMA OINT 10 GR,DOKTER,20,31625
M1N8888,5/12/2020,,41945,"AVEIA CLINIC ,DR",JL.PURWOREJO NO.27 MENTENG -,292,REGROU FORTE SOLUTION 30 ML,DOKTER,3,98850
M1N8890,5/12/2020,,66909,"NUR DEWI MAHARANY ,DR",DR.DEE BEAUTY JL.JEREBUSUA UJUNG DEPAN KANTOR LURAH TANAH TINGGIBARATTERNATEMALUKUUTARA,1478,MOFACORT CREAM 10 GR,DOKTER,5,66550
M1N8890,5/12/2020,,66909,"NUR DEWI MAHARANY ,DR",DR.DEE BEAUTY JL.JEREBUSUA UJUNG DEPAN KANTOR LURAH TANAH TINGGIBARATTERNATEMALUKUUTARA,519,REFAQUIN CREAM 15 GR,DOKTER,10,62600
M1N8910,5/12/2020,,40793,"SUCI,IBU (UP IBU INAH) ,IBU",PERUM PONDOK AREN INDAH 2 (ARINDA 2) BLOK E2 NO.6A JL.ANGSANA RT 01/07 PONDOKAREN,7099,PARASOL SPF 30 LOT.50GR,END USER,1,46600
M1N8912,5/12/2020,,49835,"PT.SULICO ,PT",JL.WOLTER MONGINSIDI NO.32 RT.001 RW.006 PETOGOGAN KEBAYORANBARU,1006,"VITACID 0,1% CREAM 20 GR",KLINIK,50,43900
M1N8924,5/12/2020,,40232,"LASTI LARASATI ,DR",JL.BERLIAN II NO.85 CILANDAK CILANDAK -,519,REFAQUIN CREAM 15 GR,DOKTER,10,62600
M1N8925,5/12/2020,,78998,"WIDIASTUTI SPKK ,DR",RS.BHAYANGKARA PALEMBANG   JL.JEND SUDIRMAN KM 4.5  KOTA PALEMBANG  SUMATERA SELATAN  30263,195,MEDIKLIN GEL 15 GR,DOKTER,7,22900
M1N8925,5/12/2020,,78998,"WIDIASTUTI SPKK ,DR",RS.BHAYANGKARA PALEMBANG   JL.JEND SUDIRMAN KM 4.5  KOTA PALEMBANG  SUMATERA SELATAN  30263,B785,"VITACID GEL 0,05% 20GR",DOKTER,5,49500
M1N8926,5/12/2020,,78998,"WIDIASTUTI SPKK ,DR",RS.BHAYANGKARA PALEMBANG   JL.JEND SUDIRMAN KM 4.5  KOTA PALEMBANG  SUMATERA SELATAN  30263,C390,HYALUDERM FACE MOIST CR 15GR,DOKTER,3,93500
M1N8926,5/12/2020,,78998,"WIDIASTUTI SPKK ,DR",RS.BHAYANGKARA PALEMBANG   JL.JEND SUDIRMAN KM 4.5  KOTA PALEMBANG  SUMATERA SELATAN  30263,D706,HYALUDERM SERUM 15ML,DOKTER,3,99000
M1N8933,5/12/2020,,55632,"WANG SURYANI ,DR",PT.SOLUDERMA ESTETIKA INDONESIA MALL PIK AVENUE LT.6 KANTOR CRE8 WORKING SPACE,1006,"VITACID 0,1% CREAM 20 GR",DOKTER,1,43900
M1N8948,5/12/2020,,55736,"NOVARIA SONATA ,DR","PENANCANGAN ARU, JL.CAMAR LOK  NO.158 RT04/RW09 SERANG, BANTEN",1009,"DESOLEX CREAM 10 GR 0,05%",DOKTER,20,22800
M1N8948,5/12/2020,,55736,"NOVARIA SONATA ,DR","PENANCANGAN ARU, JL.CAMAR LOK  NO.158 RT04/RW09 SERANG, BANTEN",4198,GLIKODERM 8 MOIST CR 20 GR,DOKTER,20,15500
M1N8948,5/12/2020,,55736,"NOVARIA SONATA ,DR","PENANCANGAN ARU, JL.CAMAR LOK  NO.158 RT04/RW09 SERANG, BANTEN",4125,GLIKODERM MILK CLEANSER 100 ML,DOKTER,20,20250
M1N8948,5/12/2020,,55736,"NOVARIA SONATA ,DR","PENANCANGAN ARU, JL.CAMAR LOK  NO.158 RT04/RW09 SERANG, BANTEN",195,MEDIKLIN GEL 15 GR,DOKTER,20,22900
M1N8948,5/12/2020,,55736,"NOVARIA SONATA ,DR","PENANCANGAN ARU, JL.CAMAR LOK  NO.158 RT04/RW09 SERANG, BANTEN",861,MELANOX FORTE 4% CREAM 15 GRAM,DOKTER,12,31500
M1N8948,5/12/2020,,55736,"NOVARIA SONATA ,DR","PENANCANGAN ARU, JL.CAMAR LOK  NO.158 RT04/RW09 SERANG, BANTEN",1478,MOFACORT CREAM 10 GR,DOKTER,18,66550
M1N8948,5/12/2020,,55736,"NOVARIA SONATA ,DR","PENANCANGAN ARU, JL.CAMAR LOK  NO.158 RT04/RW09 SERANG, BANTEN",4994,SKINBRIGHT A.AGING GOLD SERUM,DOKTER,15,112500
M1N8948,5/12/2020,,55736,"NOVARIA SONATA ,DR","PENANCANGAN ARU, JL.CAMAR LOK  NO.158 RT04/RW09 SERANG, BANTEN",766,"VITACID 0,05% CREAM 20 GRAM",DOKTER,9,33800
M1N8951,5/12/2020,,55965,"ESTU,SPKK ,DR",BONA SARANA INDAH BLOK G NO.10 CIKOKOL TANGERANG 15117 -,2037,MEDICORT CREAM 10 GR,DOKTER,3,55300
M1N8951,5/12/2020,,55965,"ESTU,SPKK ,DR",BONA SARANA INDAH BLOK G NO.10 CIKOKOL TANGERANG 15117 -,195,MEDIKLIN GEL 15 GR,DOKTER,6,22900
M1N8951,5/12/2020,,55965,"ESTU,SPKK ,DR",BONA SARANA INDAH BLOK G NO.10 CIKOKOL TANGERANG 15117 -,520,MELANOX ES 15 GR*,DOKTER,6,59900
M1N8951,5/12/2020,,55965,"ESTU,SPKK ,DR",BONA SARANA INDAH BLOK G NO.10 CIKOKOL TANGERANG 15117 -,861,MELANOX FORTE 4% CREAM 15 GRAM,DOKTER,2,31500
M1N8951,5/12/2020,,55965,"ESTU,SPKK ,DR",BONA SARANA INDAH BLOK G NO.10 CIKOKOL TANGERANG 15117 -,812,NIACEF GEL 15 GRAM,DOKTER,6,28700
M1N8951,5/12/2020,,55965,"ESTU,SPKK ,DR",BONA SARANA INDAH BLOK G NO.10 CIKOKOL TANGERANG 15117 -,1106,"REVIDERM 0,02 CREAM 15 GR",DOKTER,8,28000
M1N8951,5/12/2020,,55965,"ESTU,SPKK ,DR",BONA SARANA INDAH BLOK G NO.10 CIKOKOL TANGERANG 15117 -,1439,"VITACID 0,025% CREAM 15 GR",DOKTER,2,23000
M1N8970,7/12/2020,,82350,"MIMI ,DR","APOTEK EDELWEIS. RUKO GOLDEN MADRID 1 BLOK B NO. 07, JL. LETJEN SUTOPO, BSD SELATAN, RW. MEKAR JAYA, KEC. SERPONG, KOTA",B327,LUMINEUX PURIFYING FC.WASH 100,DOKTER,5,69000
M1N8970,7/12/2020,,82350,"MIMI ,DR","APOTEK EDELWEIS. RUKO GOLDEN MADRID 1 BLOK B NO. 07, JL. LETJEN SUTOPO, BSD SELATAN, RW. MEKAR JAYA, KEC. SERPONG, KOTA",519,REFAQUIN CREAM 15 GR,DOKTER,10,62600
M1N8970,7/12/2020,,82350,"MIMI ,DR","APOTEK EDELWEIS. RUKO GOLDEN MADRID 1 BLOK B NO. 07, JL. LETJEN SUTOPO, BSD SELATAN, RW. MEKAR JAYA, KEC. SERPONG, KOTA",1006,"VITACID 0,1% CREAM 20 GR",DOKTER,5,43900
M1N8973,7/12/2020,,91793,"RUDI STEVEN ,BAPAK","JL.TRANS SULAWESI PT.IMIP POS 1 DEPAN KLINIK  FATUFIA BAHODOPI, KABUPATEN MOROWALI  SULAWESI TENGAH",195,MEDIKLIN GEL 15 GR,END USER,1,22900
M1N8973,7/12/2020,,91793,"RUDI STEVEN ,BAPAK","JL.TRANS SULAWESI PT.IMIP POS 1 DEPAN KLINIK  FATUFIA BAHODOPI, KABUPATEN MOROWALI  SULAWESI TENGAH",812,NIACEF GEL 15 GRAM,END USER,1,28700
M1N8974,7/12/2020,,81411,"FIQIH FAJRI ,BAPAK","CPP  SRENGSENG, KEMBANGAN, KOTA JAKARTA BARAT -",4044,GLIKODERM CFC 2% GLYCOLIC ACID,END USER,1,40000
M1N8982,7/12/2020,,40946,"SATYA B.NEGARA,DR",WALET PERMAI V/5 PANTAI INDAH KAPUK,812,NIACEF GEL 15 GRAM,DOKTER,12,28700
M1N8982,7/12/2020,,40946,"SATYA B.NEGARA,DR",WALET PERMAI V/5 PANTAI INDAH KAPUK,2081,PIROTOP CREAM 10 GR,DOKTER,6,59600
M1N8984,7/12/2020,,52023,"NIA SPKK ,DR",TAMAN PURI BINTARO PB 33 NO.2 BINTARO JAYA SEKTOR 9 TANGSEL,4045,GLIKODERM CFC 100 ML,DOKTER,10,24750
M1N8984,7/12/2020,,52023,"NIA SPKK ,DR",TAMAN PURI BINTARO PB 33 NO.2 BINTARO JAYA SEKTOR 9 TANGSEL,C390,HYALUDERM FACE MOIST CR 15GR,DOKTER,5,93500
M1N8984,7/12/2020,,52023,"NIA SPKK ,DR",TAMAN PURI BINTARO PB 33 NO.2 BINTARO JAYA SEKTOR 9 TANGSEL,519,REFAQUIN CREAM 15 GR,DOKTER,5,62600
M1N8984,7/12/2020,,52023,"NIA SPKK ,DR",TAMAN PURI BINTARO PB 33 NO.2 BINTARO JAYA SEKTOR 9 TANGSEL,4994,SKINBRIGHT A.AGING GOLD SERUM,DOKTER,5,112500
M1N8984,7/12/2020,,52023,"NIA SPKK ,DR",TAMAN PURI BINTARO PB 33 NO.2 BINTARO JAYA SEKTOR 9 TANGSEL,9685,SKINBRIGHT LIGHT CC CREAM NATU,DOKTER,5,59500
M1N8985,7/12/2020,,78129,"LIANAKA ,KLINIK",GD.CIBIS NINE THE VERANDA LG SP 09   (SAMPING INDOMARET SEBELAH MUSHOLAH)  CILANDAK TIMUR PASAR MINGGU   KEL.CILANDAK TI,1317,DESOLEX-N CREAM 10 GR,KLINIK,5,28500
M1N8989,7/12/2020,,88693,"DR. JOSES ,DR","VILLA BINTARO REGENCY J4/17, JALAN RIAU 3, PONDOK KACANG TIMUR, PONDOK AREN, TANGSEL",5065,GLIKODERM 10% AG CR 20 GR,DOKTER,1,36700
M1N8989,7/12/2020,,88693,"DR. JOSES ,DR","VILLA BINTARO REGENCY J4/17, JALAN RIAU 3, PONDOK KACANG TIMUR, PONDOK AREN, TANGSEL",195,MEDIKLIN GEL 15 GR,DOKTER,2,22900
M1N8989,7/12/2020,,88693,"DR. JOSES ,DR","VILLA BINTARO REGENCY J4/17, JALAN RIAU 3, PONDOK KACANG TIMUR, PONDOK AREN, TANGSEL",812,NIACEF GEL 15 GRAM,DOKTER,2,28700
M1N8989,7/12/2020,,88693,"DR. JOSES ,DR","VILLA BINTARO REGENCY J4/17, JALAN RIAU 3, PONDOK KACANG TIMUR, PONDOK AREN, TANGSEL",766,"VITACID 0,05% CREAM 20 GRAM",DOKTER,1,33800
M1N8989,7/12/2020,,88693,"DR. JOSES ,DR","VILLA BINTARO REGENCY J4/17, JALAN RIAU 3, PONDOK KACANG TIMUR, PONDOK AREN, TANGSEL",1006,"VITACID 0,1% CREAM 20 GR",DOKTER,2,43900
M1N8990,7/12/2020,,41945,"AVEIA CLINIC ,DR",JL.PURWOREJO NO.27 MENTENG -,2130,ERYMED CREAM 20 GR,DOKTER,10,28700
M1N8990,7/12/2020,,41945,"AVEIA CLINIC ,DR",JL.PURWOREJO NO.27 MENTENG -,519,REFAQUIN CREAM 15 GR,DOKTER,8,62600
M1N8992,7/12/2020,,42036,"ERAWITA,DR ,DR",JL.TEUKU CIK DITIRO NO.45A MENTENG -,1576,KLODERMA CREAM 10 GR,DOKTER,15,31625
M1N8992,7/12/2020,,42036,"ERAWITA,DR ,DR",JL.TEUKU CIK DITIRO NO.45A MENTENG -,829,KLODERMA OINT 10 GR,DOKTER,15,31625
M1N8992,7/12/2020,,42036,"ERAWITA,DR ,DR",JL.TEUKU CIK DITIRO NO.45A MENTENG -,2037,MEDICORT CREAM 10 GR,DOKTER,20,55300
M1N8992,7/12/2020,,42036,"ERAWITA,DR ,DR",JL.TEUKU CIK DITIRO NO.45A MENTENG -,2081,PIROTOP CREAM 10 GR,DOKTER,10,59600
M1N8992,7/12/2020,,42036,"ERAWITA,DR ,DR",JL.TEUKU CIK DITIRO NO.45A MENTENG -,1063,TEKASOL OINTMENT 10 GR,DOKTER,10,38150
M1N8992,7/12/2020,,42036,"ERAWITA,DR ,DR",JL.TEUKU CIK DITIRO NO.45A MENTENG -,4236,TOPICARE CLEANSER 90 ML,DOKTER,25,60500
M1N8998,7/12/2020,,59109,"CAROLINE BUDIMAN ,DR","SURVANA SUTERA CLUSTER HELIOS 3 NO.12   KEC.TANGERANG,KOTA TANGERANG  BANTEN  15117",829,KLODERMA OINT 10 GR,DOKTER,15,31625
M1N8998,7/12/2020,,59109,"CAROLINE BUDIMAN ,DR","SURVANA SUTERA CLUSTER HELIOS 3 NO.12   KEC.TANGERANG,KOTA TANGERANG  BANTEN  15117",4236,TOPICARE CLEANSER 90 ML,DOKTER,2,60500
M1N9001,7/12/2020,,54610,"DERMIS ,KLINIK","DERMIS SKIN SPECIALIST, GEDUNG KEMANG 88 LT.2 JL.KEMANG RAYA NO.88",5065,GLIKODERM 10% AG CR 20 GR,KLINIK,20,36700
M1N9009,7/12/2020,,45491,"DEVI AROFAH,DR ,DR",- -,861,MELANOX FORTE 4% CREAM 15 GRAM,DOKTER,3,31500
M1N9009,7/12/2020,,45491,"DEVI AROFAH,DR ,DR",- -,1006,"VITACID 0,1% CREAM 20 GR",DOKTER,7,43900
M1N9017,7/12/2020,,45491,"DEVI AROFAH,DR ,DR",- -,4124,GLIKODERM CFC PHA 100 ML,DOKTER,30,30650
M1N9017,7/12/2020,,45491,"DEVI AROFAH,DR ,DR",- -,4994,SKINBRIGHT A.AGING GOLD SERUM,DOKTER,3,112500
M1N9034,7/12/2020,,91890,"KLINIK MEDIKIDS ,DR",MALL PESONA SQUARE LT.3 . JLN IR JUANDA NO.99 BAKTIJAYA DEPOK,1009,"DESOLEX CREAM 10 GR 0,05%",KLINIK,10,22800
M1N9034,7/12/2020,,91890,"KLINIK MEDIKIDS ,DR",MALL PESONA SQUARE LT.3 . JLN IR JUANDA NO.99 BAKTIJAYA DEPOK,1585,MOFACORT CREAM 5 GR,KLINIK,5,34900
M1N9034,7/12/2020,,91890,"KLINIK MEDIKIDS ,DR",MALL PESONA SQUARE LT.3 . JLN IR JUANDA NO.99 BAKTIJAYA DEPOK,1439,"VITACID 0,025% CREAM 15 GR",KLINIK,1,23000
M1N9034,7/12/2020,,91890,"KLINIK MEDIKIDS ,DR",MALL PESONA SQUARE LT.3 . JLN IR JUANDA NO.99 BAKTIJAYA DEPOK,766,"VITACID 0,05% CREAM 20 GRAM",KLINIK,1,33800
M1N9038,7/12/2020,,41520,"FIEDYA WATI K ,DR",JL.PALEM LESTARI BLOK B17/16 CENGKARENG -,165,KETOMED GEL 15 GR,DOKTER,50,26200
M1N9038,7/12/2020,,41520,"FIEDYA WATI K ,DR",JL.PALEM LESTARI BLOK B17/16 CENGKARENG -,1576,KLODERMA CREAM 10 GR,DOKTER,20,31625
M1N9038,7/12/2020,,41520,"FIEDYA WATI K ,DR",JL.PALEM LESTARI BLOK B17/16 CENGKARENG -,812,NIACEF GEL 15 GRAM,DOKTER,50,28700
M1N9038,7/12/2020,,41520,"FIEDYA WATI K ,DR",JL.PALEM LESTARI BLOK B17/16 CENGKARENG -,1006,"VITACID 0,1% CREAM 20 GR",DOKTER,10,43900
M1N9043,7/12/2020,,41968,"DAULAT ,DR",APOTIK KELLYN MEDIKA JL.DANAU TOBA NO.28 A-B SAMARINDA -,7098,MEDSCAB CR 30GR,DOKTER,50,65450
M1N9046,7/12/2020,,78129,"LIANAKA ,KLINIK",GD.CIBIS NINE THE VERANDA LG SP 09   (SAMPING INDOMARET SEBELAH MUSHOLAH)  CILANDAK TIMUR PASAR MINGGU   KEL.CILANDAK TI,38,BENZOLAC CL GEL 10 GR,KLINIK,5,29100
M1N9051,7/12/2020,,42842,"KETUT INDRAYANI,DR ,DR",JL.DURIAN 3 NO.63 TANJUNG REDEB BERAU KALIMANTAN TIMUR -,5477,PARASOL SB CR SPF33 500GR (ORA,DOKTER,1,1238000
M1N9051,7/12/2020,,42842,"KETUT INDRAYANI,DR ,DR",JL.DURIAN 3 NO.63 TANJUNG REDEB BERAU KALIMANTAN TIMUR -,4994,SKINBRIGHT A.AGING GOLD SERUM,DOKTER,20,112500
M1N9051,7/12/2020,,42842,"KETUT INDRAYANI,DR ,DR",JL.DURIAN 3 NO.63 TANJUNG REDEB BERAU KALIMANTAN TIMUR -,5208,TOPICARE + CERAMIDE CR 100 GR,DOKTER,2,137500
M1N9071,7/12/2020,,83722,"PAMELLA DJAKARIA ,DR",LITE BEAUTY. RUKO GOLDEN ROAD BLOK C30 /23 A ( BELAKANG ITC BSD ),4198,GLIKODERM 8 MOIST CR 20 GR,DOKTER,10,15500
M1N9073,7/12/2020,,41933,"ALWI WIJAYA ,DR",JL.KEPODANG 1 BLOK CD1 NO.11 PONDOK SEJAHTERA KOTABUMI -,979,"BENZOLAC 2,5 GEL 5 GRAM",DOKTER,30,13350
M1N9073,7/12/2020,,41933,"ALWI WIJAYA ,DR",JL.KEPODANG 1 BLOK CD1 NO.11 PONDOK SEJAHTERA KOTABUMI -,2130,ERYMED CREAM 20 GR,DOKTER,25,28700
M1N9073,7/12/2020,,41933,"ALWI WIJAYA ,DR",JL.KEPODANG 1 BLOK CD1 NO.11 PONDOK SEJAHTERA KOTABUMI -,4045,GLIKODERM CFC 100 ML,DOKTER,50,24750
M1N9073,7/12/2020,,41933,"ALWI WIJAYA ,DR",JL.KEPODANG 1 BLOK CD1 NO.11 PONDOK SEJAHTERA KOTABUMI -,195,MEDIKLIN GEL 15 GR,DOKTER,15,22900
M1N9073,7/12/2020,,41933,"ALWI WIJAYA ,DR",JL.KEPODANG 1 BLOK CD1 NO.11 PONDOK SEJAHTERA KOTABUMI -,4046,PARASOL SUNBLOCK GEL 20 GR,DOKTER,20,18700
M1N9076,7/12/2020,,40340,"SAKTI MEDIKA,KL (AN.DR.TINA WARDHANI) ,K",JL.TEBET BARAT 1 NO.5 -,4994,SKINBRIGHT A.AGING GOLD SERUM,DOKTER,100,112500
M1N9078,7/12/2020,,87985,"REZA MAYASARI SPDV ,DR",JL.GENTAYU NO 49 RT 005 KEPUTRAAN LUBUK LINGGAU BARAT 2 KOTA LUBUK LINGGAU,4044,GLIKODERM CFC 2% GLYCOLIC ACID,DOKTER,20,40000
M1N9078,7/12/2020,,87985,"REZA MAYASARI SPDV ,DR",JL.GENTAYU NO 49 RT 005 KEPUTRAAN LUBUK LINGGAU BARAT 2 KOTA LUBUK LINGGAU,D706,HYALUDERM SERUM 15ML,DOKTER,5,99000
M1N9078,7/12/2020,,87985,"REZA MAYASARI SPDV ,DR",JL.GENTAYU NO 49 RT 005 KEPUTRAAN LUBUK LINGGAU BARAT 2 KOTA LUBUK LINGGAU,8136,SKINBRIGHT LIP TREATMENT MOIST,DOKTER,2,75000
M1N9103,7/12/2020,,54610,"DERMIS ,KLINIK","DERMIS SKIN SPECIALIST, GEDUNG KEMANG 88 LT.2 JL.KEMANG RAYA NO.88",6564,HELIATECH SUNSCR SPF45 LOT 30M,KLINIK,10,72500
M1N9103,7/12/2020,,54610,"DERMIS ,KLINIK","DERMIS SKIN SPECIALIST, GEDUNG KEMANG 88 LT.2 JL.KEMANG RAYA NO.88",1478,MOFACORT CREAM 10 GR,KLINIK,20,66550
M1N9103,7/12/2020,,54610,"DERMIS ,KLINIK","DERMIS SKIN SPECIALIST, GEDUNG KEMANG 88 LT.2 JL.KEMANG RAYA NO.88",4043,PIROTOP OINT 10 GR,KLINIK,3,65600
M1N9103,7/12/2020,,54610,"DERMIS ,KLINIK","DERMIS SKIN SPECIALIST, GEDUNG KEMANG 88 LT.2 JL.KEMANG RAYA NO.88",B786,"VITACID GEL 0,1% 20GR",KLINIK,6,64950
M1N9104,7/12/2020,,40340,"SAKTI MEDIKA,KL (AN.DR.TINA WARDHANI) ,K",JL.TEBET BARAT 1 NO.5 -,4236,TOPICARE CLEANSER 90 ML,DOKTER,20,60500
M1N9107,7/12/2020,,73823,"DIAH ARTANTI ,DR","KLINIK DERMALUX SKIN CLINIC JL.MANGGA BESAR VIII NO.12Q TAMAN SARIKEL.TAMAN SARI, KEC.TAMAN SARI,KOTA JAKARTA BARATDKI J",1009,"DESOLEX CREAM 10 GR 0,05%",DOKTER,10,22800
M1N9119,7/12/2020,,70528,"LIANA DEWI SUHADI  ,DR","RUKO GOLDEN 8 JL.PANJANG NO.8 C RT.005/011KEDOYA , KEC.KEBON JERUK,KOTA JAKARTA BARATDKI JAKARTA11520",291,REGROU 2% SOLUTION 30 ML,DOKTER,3,55100
M1N9119,7/12/2020,,70528,"LIANA DEWI SUHADI  ,DR","RUKO GOLDEN 8 JL.PANJANG NO.8 C RT.005/011KEDOYA , KEC.KEBON JERUK,KOTA JAKARTA BARATDKI JAKARTA11520",292,REGROU FORTE SOLUTION 30 ML,DOKTER,5,98850
M1N9120,7/12/2020,,70528,"LIANA DEWI SUHADI  ,DR","RUKO GOLDEN 8 JL.PANJANG NO.8 C RT.005/011KEDOYA , KEC.KEBON JERUK,KOTA JAKARTA BARATDKI JAKARTA11520",1738,CARMED 20% CREAM 40 GR,DOKTER,10,37300
M1N9125,7/12/2020,,61507,"CLEVERIA JESSIKA ,DR",JL.BENGRAH RT.04 RW.10 NO.19 CIJANTUNG -,4994,SKINBRIGHT A.AGING GOLD SERUM,DOKTER,10,112500
M1N9126,7/12/2020,,88878,"FIKA ,DR",JL. RAYA CILEGON KM. 2 PANDEAN -,4208,GLIKODERM SKIN TONER 1000ML PH,DOKTER,1,173700
M1N9127,7/12/2020,,87294,"PT. AYURISTA BERKAH ABADI ,PT",KOMPLEK HARMONI MAS BLOK D NO 25. JL TERUSAN BANDENGAN UTARA. JEMBATAN DUA. JKT UTARA 14450,5208,TOPICARE + CERAMIDE CR 100 GR,KLINIK,10,137500
M1N9128,7/12/2020,,43978,"NUR RAHMAH ,DR",JL.PUEBONGO NO.14 (AZZAHRA SKIN CLINIC) PALU  SULAWESI TENGAH  94222,C390,HYALUDERM FACE MOIST CR 15GR,DOKTER,15,93500
M1N9131,7/12/2020,,45531,"RIZAL NURDIN,BP",KOMP.BUKIT SEJAHTERA BLOK G NO.08 SUMATERA SELATAN 30149,292,REGROU FORTE SOLUTION 30 ML,END USER,1,98850
M1N9144,7/12/2020,,40544,"QATRA,DR,SPKK ,DR",JL.DEWI SARTIKA NO.198 B CAWANG -,195,MEDIKLIN GEL 15 GR,DOKTER,67,22900
M1N9149,7/12/2020,,55632,"WANG SURYANI ,DR",PT.SOLUDERMA ESTETIKA INDONESIA MALL PIK AVENUE LT.6 KANTOR CRE8 WORKING SPACE,519,REFAQUIN CREAM 15 GR,DOKTER,10,62600
M1N9149,7/12/2020,,55632,"WANG SURYANI ,DR",PT.SOLUDERMA ESTETIKA INDONESIA MALL PIK AVENUE LT.6 KANTOR CRE8 WORKING SPACE,B786,"VITACID GEL 0,1% 20GR",DOKTER,9,64950
M1N9151,7/12/2020,,78622,"PROSSI ,KLINIK","Komp.Jatibening 1,jl.krakatau no.204A,pondok gede,bekasi 17412  Rt 13,rw 5",5021,PARASOL SUNBLOCK GEL 500 GR (T,KLINIK,1,433200
RC07341,5/12/2020,,49835,"PT.SULICO ,PT",JL.WOLTER MONGINSIDI NO.32 RT.001 RW.006 PETOGOGAN KEBAYORANBARU,1006,"VITACID 0,1% CREAM 20 GR",KLINIK,67,43900
RC07344,7/12/2020,,70528,"LIANA DEWI SUHADI  ,DR","RUKO GOLDEN 8 JL.PANJANG NO.8 C RT.005/011KEDOYA , KEC.KEBON JERUK,KOTA JAKARTA BARATDKI JAKARTA11520",291,REGROU 2% SOLUTION 30 ML,DOKTER,3,55100
RC07344,7/12/2020,,70528,"LIANA DEWI SUHADI  ,DR","RUKO GOLDEN 8 JL.PANJANG NO.8 C RT.005/011KEDOYA , KEC.KEBON JERUK,KOTA JAKARTA BARATDKI JAKARTA11520",292,REGROU FORTE SOLUTION 30 ML,DOKTER,5,98850
RC07345,7/12/2020,,70528,"LIANA DEWI SUHADI  ,DR","RUKO GOLDEN 8 JL.PANJANG NO.8 C RT.005/011KEDOYA , KEC.KEBON JERUK,KOTA JAKARTA BARATDKI JAKARTA11520",1738,CARMED 20% CREAM 40 GR,DOKTER,10,37300
RC07348,7/12/2020,,78129,"LIANAKA ,KLINIK",GD.CIBIS NINE THE VERANDA LG SP 09   (SAMPING INDOMARET SEBELAH MUSHOLAH)  CILANDAK TIMUR PASAR MINGGU   KEL.CILANDAK TI,1109,BENZOLAC 5 GEL 5 GR,KLINIK,5,17600
RC07348,7/12/2020,,78129,"LIANAKA ,KLINIK",GD.CIBIS NINE THE VERANDA LG SP 09   (SAMPING INDOMARET SEBELAH MUSHOLAH)  CILANDAK TIMUR PASAR MINGGU   KEL.CILANDAK TI,1009,"DESOLEX CREAM 10 GR 0,05%",KLINIK,5,22800
RC07349,7/12/2020,,55632,"WANG SURYANI ,DR",PT.SOLUDERMA ESTETIKA INDONESIA MALL PIK AVENUE LT.6 KANTOR CRE8 WORKING SPACE,519,REFAQUIN CREAM 15 GR,DOKTER,10,62600
RC07349,7/12/2020,,55632,"WANG SURYANI ,DR",PT.SOLUDERMA ESTETIKA INDONESIA MALL PIK AVENUE LT.6 KANTOR CRE8 WORKING SPACE,B786,"VITACID GEL 0,1% 20GR",DOKTER,10,64950
