"NO TRANSAKSI","TGL TRANSAKSI","KODE OLDCUSTOMER","KODE CUSTOMER","NAMA CUSTOMER","ALAMAT","KODE BARANG","NAMA BARANG","SEKTOR","QTY BARANG","HNA"
"D152125","01-12-2020","","0083205","JULIANA ,DR","RS PLUIT, JL SELATAN PLUIT RAYA NO 2 RW 7   KEL.PLUIT KEC.PENJARINGAN,KOTA JAKARTA UTARA  DKI JAKARTA  14450","1576","KLODERMA CREAM 10 GR","DOKTER","10","31625"
"D152125","01-12-2020","","0083205","JULIANA ,DR","RS PLUIT, JL SELATAN PLUIT RAYA NO 2 RW 7   KEL.PLUIT KEC.PENJARINGAN,KOTA JAKARTA UTARA  DKI JAKARTA  14450","1478","MOFACORT CREAM 10 GR","DOKTER","10","66550"
"D152125","01-12-2020","","0083205","JULIANA ,DR","RS PLUIT, JL SELATAN PLUIT RAYA NO 2 RW 7   KEL.PLUIT KEC.PENJARINGAN,KOTA JAKARTA UTARA  DKI JAKARTA  14450","1585","MOFACORT CREAM 5 GR","DOKTER","10","34900"
"D152126","01-12-2020","","0073747","NAZARUDIN ,DR","KLINIK RAHIM MEDIKA , JL MUARA BARU RAYA RT 16/07 PENJARINGAN","0197","MEDIQUIN CREAM 15 GR","DOKTER","30","30000"
"D152130","01-12-2020","","0059780","WIN JOHANES ,DR","KL.MEDIGREEN JL.BOULEVARD RAYA BLOK B NO.42 KELAPA GADING -","1576","KLODERMA CREAM 10 GR","DOKTER","50","31625"
"D152130","01-12-2020","","0059780","WIN JOHANES ,DR","KL.MEDIGREEN JL.BOULEVARD RAYA BLOK B NO.42 KELAPA GADING -","0196","MEDIKLIN TR GEL 15 GR","DOKTER","50","40300"
"D152158","01-12-2020","","0074770","POCUT ISRAITA ,DR","PONDOK BAMBU TOWN HOUSE JL. BAHANA 2 BLOK A NO. 25 PONDOK BAMBU, DUREN SAWIT JAKARTA TIMUR.","0038","BENZOLAC CL GEL 10 GR","DOKTER","10","29100"
"D152158","01-12-2020","","0074770","POCUT ISRAITA ,DR","PONDOK BAMBU TOWN HOUSE JL. BAHANA 2 BLOK A NO. 25 PONDOK BAMBU, DUREN SAWIT JAKARTA TIMUR.","0196","MEDIKLIN TR GEL 15 GR","DOKTER","50","40300"
"D152159","01-12-2020","","0059884","STEVY DIAN F ,DR","PONDOK BAMBU PERMAI BLOK AB NO.7 RT.15/005 PONDOK BAMBU.DUREN SAWIT","4044","GLIKODERM CFC 2% GLYCOLIC ACID","DOKTER","5","40000"
"D152159","01-12-2020","","0059884","STEVY DIAN F ,DR","PONDOK BAMBU PERMAI BLOK AB NO.7 RT.15/005 PONDOK BAMBU.DUREN SAWIT","2141","KLODERMA CREAM 5 GR","DOKTER","10","20350"
"D152159","01-12-2020","","0059884","STEVY DIAN F ,DR","PONDOK BAMBU PERMAI BLOK AB NO.7 RT.15/005 PONDOK BAMBU.DUREN SAWIT","0812","NIACEF GEL 15 GRAM","DOKTER","20","28700"
"D152167","01-12-2020","","0075957","JONATAN ANTONIUS ,DR","JL PALMERIAM RT 02/05 , PALMERIAM MATRAMAN JAKTIM -","4045","GLIKODERM CFC 100 ML","DOKTER","10","24750"
"D152167","01-12-2020","","0075957","JONATAN ANTONIUS ,DR","JL PALMERIAM RT 02/05 , PALMERIAM MATRAMAN JAKTIM -","4052","GLIKODERM SKIN TONER 100ML PHA","DOKTER","10","18000"
"D152167","01-12-2020","","0075957","JONATAN ANTONIUS ,DR","JL PALMERIAM RT 02/05 , PALMERIAM MATRAMAN JAKTIM -","1139","KETOMED CREAM 15 GR","DOKTER","1","26200"
"D152186","01-12-2020","","0059884","STEVY DIAN F ,DR","PONDOK BAMBU PERMAI BLOK AB NO.7 RT.15/005 PONDOK BAMBU.DUREN SAWIT","4052","GLIKODERM SKIN TONER 100ML PHA","DOKTER","10","18000"
"D152186","01-12-2020","","0059884","STEVY DIAN F ,DR","PONDOK BAMBU PERMAI BLOK AB NO.7 RT.15/005 PONDOK BAMBU.DUREN SAWIT","9887","REFAQUIN CREAM 10GR","DOKTER","100","42500"
"D152194","02-12-2020","","0083205","JULIANA ,DR","RS PLUIT, JL SELATAN PLUIT RAYA NO 2 RW 7   KEL.PLUIT KEC.PENJARINGAN,KOTA JAKARTA UTARA  DKI JAKARTA  14450","0503","VITAQUIN CREAM 15 GR","DOKTER","10","61600"
"D152234","02-12-2020","","0059884","STEVY DIAN F ,DR","PONDOK BAMBU PERMAI BLOK AB NO.7 RT.15/005 PONDOK BAMBU.DUREN SAWIT","2142","KLODERMA OINT 5 GR","DOKTER","20","20350"
"D152234","02-12-2020","","0059884","STEVY DIAN F ,DR","PONDOK BAMBU PERMAI BLOK AB NO.7 RT.15/005 PONDOK BAMBU.DUREN SAWIT","4994","SKINBRIGHT A.AGING GOLD SERUM","DOKTER","5","112500"
"D152234","02-12-2020","","0059884","STEVY DIAN F ,DR","PONDOK BAMBU PERMAI BLOK AB NO.7 RT.15/005 PONDOK BAMBU.DUREN SAWIT","7914","SORALEN SOL 15ML","DOKTER","20","49500"
"D152235","02-12-2020","","0074685","MARCKS VENUS  ,KLINIK","JL. MATRAMAN RAYA NO.57, RT.5/RW.4, PALMERIAM, MATRAMAN KOTA JAKARTA TIMUR, DAERAH KHUSUS IBUKOTA JAKARTA 13140","1009","DESOLEX CREAM 10 GR 0,05%","KLINIK","15","22800"
"D152235","02-12-2020","","0074685","MARCKS VENUS  ,KLINIK","JL. MATRAMAN RAYA NO.57, RT.5/RW.4, PALMERIAM, MATRAMAN KOTA JAKARTA TIMUR, DAERAH KHUSUS IBUKOTA JAKARTA 13140","0195","MEDIKLIN GEL 15 GR","KLINIK","10","22900"
"D152235","02-12-2020","","0074685","MARCKS VENUS  ,KLINIK","JL. MATRAMAN RAYA NO.57, RT.5/RW.4, PALMERIAM, MATRAMAN KOTA JAKARTA TIMUR, DAERAH KHUSUS IBUKOTA JAKARTA 13140","0861","MELANOX FORTE 4% CREAM 15 GRAM","KLINIK","2","31500"
"D152235","02-12-2020","","0074685","MARCKS VENUS  ,KLINIK","JL. MATRAMAN RAYA NO.57, RT.5/RW.4, PALMERIAM, MATRAMAN KOTA JAKARTA TIMUR, DAERAH KHUSUS IBUKOTA JAKARTA 13140","0812","NIACEF GEL 15 GRAM","KLINIK","10","28700"
"D152235","02-12-2020","","0074685","MARCKS VENUS  ,KLINIK","JL. MATRAMAN RAYA NO.57, RT.5/RW.4, PALMERIAM, MATRAMAN KOTA JAKARTA TIMUR, DAERAH KHUSUS IBUKOTA JAKARTA 13140","4356","PALENOX GEL 15 GR","KLINIK","3","53900"
"D152235","02-12-2020","","0074685","MARCKS VENUS  ,KLINIK","JL. MATRAMAN RAYA NO.57, RT.5/RW.4, PALMERIAM, MATRAMAN KOTA JAKARTA TIMUR, DAERAH KHUSUS IBUKOTA JAKARTA 13140","4046","PARASOL SUNBLOCK GEL 20 GR","KLINIK","5","18700"
"D152235","02-12-2020","","0074685","MARCKS VENUS  ,KLINIK","JL. MATRAMAN RAYA NO.57, RT.5/RW.4, PALMERIAM, MATRAMAN KOTA JAKARTA TIMUR, DAERAH KHUSUS IBUKOTA JAKARTA 13140","0519","REFAQUIN CREAM 15 GR","KLINIK","15","62600"
"D152235","02-12-2020","","0074685","MARCKS VENUS  ,KLINIK","JL. MATRAMAN RAYA NO.57, RT.5/RW.4, PALMERIAM, MATRAMAN KOTA JAKARTA TIMUR, DAERAH KHUSUS IBUKOTA JAKARTA 13140","1006","VITACID 0,1% CREAM 20 GR","KLINIK","3","43900"
"D152237","02-12-2020","","0072179","TARULI OLIVIA ,DR","JL.DURI PANDAN NO 16 PULOMAS JAKTIM -","5336","GLIKODERM 50 SOLUTION 30 ML","DOKTER","1","193600"
"D152237","02-12-2020","","0072179","TARULI OLIVIA ,DR","JL.DURI PANDAN NO 16 PULOMAS JAKTIM -","5198","GLIKODERM PEEL NEUTRALIZER 200","DOKTER","1","82500"
"D152251","02-12-2020","","0059884","STEVY DIAN F ,DR","PONDOK BAMBU PERMAI BLOK AB NO.7 RT.15/005 PONDOK BAMBU.DUREN SAWIT","0329","VITACID 0,025% GELL 20 GR","DOKTER","30","23000"
"D152252","03-12-2020","","0079425","NINA ROIANA ,DR","KOMPLEK BULOG C NO 4 RT 002 RW 006  KEL.KAYU PUTIH KEC.PULO GADUNG,KOTA JAKARTA TIMUR  DKI JAKARTA  13210","0812","NIACEF GEL 15 GRAM","DOKTER","3","28700"
"D152252","03-12-2020","","0079425","NINA ROIANA ,DR","KOMPLEK BULOG C NO 4 RT 002 RW 006  KEL.KAYU PUTIH KEC.PULO GADUNG,KOTA JAKARTA TIMUR  DKI JAKARTA  13210","5208","TOPICARE + CERAMIDE CR 100 GR","DOKTER","1","137500"
"D152252","03-12-2020","","0079425","NINA ROIANA ,DR","KOMPLEK BULOG C NO 4 RT 002 RW 006  KEL.KAYU PUTIH KEC.PULO GADUNG,KOTA JAKARTA TIMUR  DKI JAKARTA  13210","0766","VITACID 0,05% CREAM 20 GRAM","DOKTER","4","33800"
"D152253","03-12-2020","","0083205","JULIANA ,DR","RS PLUIT, JL SELATAN PLUIT RAYA NO 2 RW 7   KEL.PLUIT KEC.PENJARINGAN,KOTA JAKARTA UTARA  DKI JAKARTA  14450","0195","MEDIKLIN GEL 15 GR","DOKTER","30","22900"
"D152254","03-12-2020","","0072179","TARULI OLIVIA ,DR","JL.DURI PANDAN NO 16 PULOMAS JAKTIM -","5065","GLIKODERM 10% AG CR 20 GR","DOKTER","4","36700"
"D152254","03-12-2020","","0072179","TARULI OLIVIA ,DR","JL.DURI PANDAN NO 16 PULOMAS JAKTIM -","4124","GLIKODERM CFC PHA 100 ML","DOKTER","6","30650"
"D152254","03-12-2020","","0072179","TARULI OLIVIA ,DR","JL.DURI PANDAN NO 16 PULOMAS JAKTIM -","1006","VITACID 0,1% CREAM 20 GR","DOKTER","1","43900"
"D152255","03-12-2020","","0091236","SQIN CLINIC ,KLINIK","JL. PEGAMBIRAN NO 33A KEL.RAWAMANGUN, KEC.PULO GADUNG,KOTA JAKARTA TIMUR  DKI JAKARTA  13220","7568","SKINBRIGHT LP LIGHT NATURAL","KLINIK","2","67500"
"D152255","03-12-2020","","0091236","SQIN CLINIC ,KLINIK","JL. PEGAMBIRAN NO 33A KEL.RAWAMANGUN, KEC.PULO GADUNG,KOTA JAKARTA TIMUR  DKI JAKARTA  13220","5831","SKINBRIGHT LP OS BEIGE","KLINIK","1","67500"
"D152271","03-12-2020","","0069623","EVA HERLINA ,DR","JLN. CEMPAKA WANGI 3, NO.03 RT 012 / RW 09, HARAPAN MULYA KEMAYORAN","0828","KETOMED SS 60 ML","DOKTER","100","40100"
"D152272","03-12-2020","","0063494","VISAKHA MANGGALA ,BAPAK","RUKO PLUIT VILLAGE NO.49 JL.PLUIT INDAH RAYA -","1317","DESOLEX-N CREAM 10 GR","KLINIK","25","28500"
"D152272","03-12-2020","","0063494","VISAKHA MANGGALA ,BAPAK","RUKO PLUIT VILLAGE NO.49 JL.PLUIT INDAH RAYA -","1139","KETOMED CREAM 15 GR","KLINIK","10","26200"
"D152272","03-12-2020","","0063494","VISAKHA MANGGALA ,BAPAK","RUKO PLUIT VILLAGE NO.49 JL.PLUIT INDAH RAYA -","0828","KETOMED SS 60 ML","KLINIK","12","40100"
"D152272","03-12-2020","","0063494","VISAKHA MANGGALA ,BAPAK","RUKO PLUIT VILLAGE NO.49 JL.PLUIT INDAH RAYA -","1576","KLODERMA CREAM 10 GR","KLINIK","30","31625"
"D152273","03-12-2020","","0070287","DEWI LESTARI ,DR","JALAN JENDERAL AHMAD YANI, RT.2/RW.7  KEL.CEMPAKA PUTIH TIMUR, KEC.CEMPAKA PUTIH,KOTA JAKARTA PUSAT  DKI JAKARTA  10510","7438","KLODERMA LOTION 30 ML","DOKTER","50","69500"
"D152273","03-12-2020","","0070287","DEWI LESTARI ,DR","JALAN JENDERAL AHMAD YANI, RT.2/RW.7  KEL.CEMPAKA PUTIH TIMUR, KEC.CEMPAKA PUTIH,KOTA JAKARTA PUSAT  DKI JAKARTA  10510","0195","MEDIKLIN GEL 15 GR","DOKTER","100","22900"
"D152273","03-12-2020","","0070287","DEWI LESTARI ,DR","JALAN JENDERAL AHMAD YANI, RT.2/RW.7  KEL.CEMPAKA PUTIH TIMUR, KEC.CEMPAKA PUTIH,KOTA JAKARTA PUSAT  DKI JAKARTA  10510","0520","MELANOX ES 15 GR*","DOKTER","12","59900"
"D152274","03-12-2020","","0059780","WIN JOHANES ,DR","KL.MEDIGREEN JL.BOULEVARD RAYA BLOK B NO.42 KELAPA GADING -","0829","KLODERMA OINT 10 GR","DOKTER","50","31625"
"D152276","03-12-2020","","0069623","EVA HERLINA ,DR","JLN. CEMPAKA WANGI 3, NO.03 RT 012 / RW 09, HARAPAN MULYA KEMAYORAN","0196","MEDIKLIN TR GEL 15 GR","DOKTER","100","40300"
"D152283","03-12-2020","","0059884","STEVY DIAN F ,DR","PONDOK BAMBU PERMAI BLOK AB NO.7 RT.15/005 PONDOK BAMBU.DUREN SAWIT","0861","MELANOX FORTE 4% CREAM 15 GRAM","DOKTER","20","31500"
"D152283","03-12-2020","","0059884","STEVY DIAN F ,DR","PONDOK BAMBU PERMAI BLOK AB NO.7 RT.15/005 PONDOK BAMBU.DUREN SAWIT","4356","PALENOX GEL 15 GR","DOKTER","10","53900"
"D152283","03-12-2020","","0059884","STEVY DIAN F ,DR","PONDOK BAMBU PERMAI BLOK AB NO.7 RT.15/005 PONDOK BAMBU.DUREN SAWIT","1106","REVIDERM 0,02 CREAM 15 GR","DOKTER","10","28000"
"D152294","03-12-2020","","0059884","STEVY DIAN F ,DR","PONDOK BAMBU PERMAI BLOK AB NO.7 RT.15/005 PONDOK BAMBU.DUREN SAWIT","2634","MOFACORT OINT 10 GR","DOKTER","5","66550"
"D152305","04-12-2020","","0063494","VISAKHA MANGGALA ,BAPAK","RUKO PLUIT VILLAGE NO.49 JL.PLUIT INDAH RAYA -","1576","KLODERMA CREAM 10 GR","KLINIK","10","31625"
"D152305","04-12-2020","","0063494","VISAKHA MANGGALA ,BAPAK","RUKO PLUIT VILLAGE NO.49 JL.PLUIT INDAH RAYA -","0519","REFAQUIN CREAM 15 GR","KLINIK","6","62600"
"D152305","04-12-2020","","0063494","VISAKHA MANGGALA ,BAPAK","RUKO PLUIT VILLAGE NO.49 JL.PLUIT INDAH RAYA -","0298","SAGALON CREAM 10 GR","KLINIK","6","36650"
"D152322","04-12-2020","","0069623","EVA HERLINA ,DR","JLN. CEMPAKA WANGI 3, NO.03 RT 012 / RW 09, HARAPAN MULYA KEMAYORAN","3972","GLIKODERM 8% SS POT 20 GR","DOKTER","10","31300"
"D152322","04-12-2020","","0069623","EVA HERLINA ,DR","JLN. CEMPAKA WANGI 3, NO.03 RT 012 / RW 09, HARAPAN MULYA KEMAYORAN","4124","GLIKODERM CFC PHA 100 ML","DOKTER","20","30650"
"D152322","04-12-2020","","0069623","EVA HERLINA ,DR","JLN. CEMPAKA WANGI 3, NO.03 RT 012 / RW 09, HARAPAN MULYA KEMAYORAN","4125","GLIKODERM MILK CLEANSER 100 ML","DOKTER","20","20250"
"D152322","04-12-2020","","0069623","EVA HERLINA ,DR","JLN. CEMPAKA WANGI 3, NO.03 RT 012 / RW 09, HARAPAN MULYA KEMAYORAN","0195","MEDIKLIN GEL 15 GR","DOKTER","10","22900"
"D152322","04-12-2020","","0069623","EVA HERLINA ,DR","JLN. CEMPAKA WANGI 3, NO.03 RT 012 / RW 09, HARAPAN MULYA KEMAYORAN","0519","REFAQUIN CREAM 15 GR","DOKTER","5","62600"
"D152333","04-12-2020","","0083942","TEFFI ,DR","JL CIPINANG BARU RAYA NO 20A RT 14 RW 08 RAWAMANGUN JAKARTA TIMUR","B786","VITACID GEL 0,1% 20GR","DOKTER","4","64950"
"D152335","04-12-2020","","0059862","WIRDA AZIS ,DR","JL.ANGGREK 28 RAWAMANGUN -","9887","REFAQUIN CREAM 10GR","DOKTER","50","42500"
"D152345","04-12-2020","","0059884","STEVY DIAN F ,DR","PONDOK BAMBU PERMAI BLOK AB NO.7 RT.15/005 PONDOK BAMBU.DUREN SAWIT","1334","MELANOX 2% CREAM 15 GR","DOKTER","20","30000"
"D152345","04-12-2020","","0059884","STEVY DIAN F ,DR","PONDOK BAMBU PERMAI BLOK AB NO.7 RT.15/005 PONDOK BAMBU.DUREN SAWIT","0520","MELANOX ES 15 GR*","DOKTER","20","59900"
"D152345","04-12-2020","","0059884","STEVY DIAN F ,DR","PONDOK BAMBU PERMAI BLOK AB NO.7 RT.15/005 PONDOK BAMBU.DUREN SAWIT","0861","MELANOX FORTE 4% CREAM 15 GRAM","DOKTER","100","31500"
"D152345","04-12-2020","","0059884","STEVY DIAN F ,DR","PONDOK BAMBU PERMAI BLOK AB NO.7 RT.15/005 PONDOK BAMBU.DUREN SAWIT","7914","SORALEN SOL 15ML","DOKTER","10","49500"
"D152345","04-12-2020","","0059884","STEVY DIAN F ,DR","PONDOK BAMBU PERMAI BLOK AB NO.7 RT.15/005 PONDOK BAMBU.DUREN SAWIT","1439","VITACID 0,025% CREAM 15 GR","DOKTER","200","23000"
"D152345","04-12-2020","","0059884","STEVY DIAN F ,DR","PONDOK BAMBU PERMAI BLOK AB NO.7 RT.15/005 PONDOK BAMBU.DUREN SAWIT","0766","VITACID 0,05% CREAM 20 GRAM","DOKTER","200","33800"
"D152345","04-12-2020","","0059884","STEVY DIAN F ,DR","PONDOK BAMBU PERMAI BLOK AB NO.7 RT.15/005 PONDOK BAMBU.DUREN SAWIT","1006","VITACID 0,1% CREAM 20 GR","DOKTER","200","43900"
"D152362","05-12-2020","","0072006","ERLISWITA REZA ,DR","Jl. Kejaksaan raya  rt2/rw8 no.B7 Pd bambu, Duren Sawit Jakarta Timur.","C390","HYALUDERM FACE MOIST CR 15GR","DOKTER","3","93500"
"D152363","05-12-2020","","0083205","JULIANA ,DR","RS PLUIT, JL SELATAN PLUIT RAYA NO 2 RW 7   KEL.PLUIT KEC.PENJARINGAN,KOTA JAKARTA UTARA  DKI JAKARTA  14450","0766","VITACID 0,05% CREAM 20 GRAM","DOKTER","20","33800"
"D152363","05-12-2020","","0083205","JULIANA ,DR","RS PLUIT, JL SELATAN PLUIT RAYA NO 2 RW 7   KEL.PLUIT KEC.PENJARINGAN,KOTA JAKARTA UTARA  DKI JAKARTA  14450","0503","VITAQUIN CREAM 15 GR","DOKTER","20","61600"
"D152369","05-12-2020","","0072006","ERLISWITA REZA ,DR","Jl. Kejaksaan raya  rt2/rw8 no.B7 Pd bambu, Duren Sawit Jakarta Timur.","4994","SKINBRIGHT A.AGING GOLD SERUM","DOKTER","5","112500"
"D152370","05-12-2020","","0060620","PUTU SISKA ,DR","POLI KULIT DAN KELAMIN RS.SAINT CAROLUS JL.SALEMBA RAYA NO.41 SENEN","0520","MELANOX ES 15 GR*","DOKTER","10","59900"
"D152370","05-12-2020","","0060620","PUTU SISKA ,DR","POLI KULIT DAN KELAMIN RS.SAINT CAROLUS JL.SALEMBA RAYA NO.41 SENEN","0519","REFAQUIN CREAM 15 GR","DOKTER","10","62600"
"D152382","05-12-2020","","0070287","DEWI LESTARI ,DR","JALAN JENDERAL AHMAD YANI, RT.2/RW.7  KEL.CEMPAKA PUTIH TIMUR, KEC.CEMPAKA PUTIH,KOTA JAKARTA PUSAT  DKI JAKARTA  10510","C390","HYALUDERM FACE MOIST CR 15GR","DOKTER","2","93500"
"D152382","05-12-2020","","0070287","DEWI LESTARI ,DR","JALAN JENDERAL AHMAD YANI, RT.2/RW.7  KEL.CEMPAKA PUTIH TIMUR, KEC.CEMPAKA PUTIH,KOTA JAKARTA PUSAT  DKI JAKARTA  10510","9685","SKINBRIGHT LIGHT CC CREAM NATU","DOKTER","1","59500"
"D152383","05-12-2020","","0091236","SQIN CLINIC ,KLINIK","JL. PEGAMBIRAN NO 33A KEL.RAWAMANGUN, KEC.PULO GADUNG,KOTA JAKARTA TIMUR  DKI JAKARTA  13220","2144","CARMED 10% CREAM 40 GR","KLINIK","5","29000"
"D152383","05-12-2020","","0091236","SQIN CLINIC ,KLINIK","JL. PEGAMBIRAN NO 33A KEL.RAWAMANGUN, KEC.PULO GADUNG,KOTA JAKARTA TIMUR  DKI JAKARTA  13220","1009","DESOLEX CREAM 10 GR 0,05%","KLINIK","5","22800"
"D152383","05-12-2020","","0091236","SQIN CLINIC ,KLINIK","JL. PEGAMBIRAN NO 33A KEL.RAWAMANGUN, KEC.PULO GADUNG,KOTA JAKARTA TIMUR  DKI JAKARTA  13220","1723","DESOLEX LOTION 30 ML","KLINIK","1","50600"
"D152383","05-12-2020","","0091236","SQIN CLINIC ,KLINIK","JL. PEGAMBIRAN NO 33A KEL.RAWAMANGUN, KEC.PULO GADUNG,KOTA JAKARTA TIMUR  DKI JAKARTA  13220","1139","KETOMED CREAM 15 GR","KLINIK","5","26200"
"D152383","05-12-2020","","0091236","SQIN CLINIC ,KLINIK","JL. PEGAMBIRAN NO 33A KEL.RAWAMANGUN, KEC.PULO GADUNG,KOTA JAKARTA TIMUR  DKI JAKARTA  13220","2141","KLODERMA CREAM 5 GR","KLINIK","5","20350"
"D152383","05-12-2020","","0091236","SQIN CLINIC ,KLINIK","JL. PEGAMBIRAN NO 33A KEL.RAWAMANGUN, KEC.PULO GADUNG,KOTA JAKARTA TIMUR  DKI JAKARTA  13220","2201","KLODERMA GEL 5 GR","KLINIK","5","20350"
"D152383","05-12-2020","","0091236","SQIN CLINIC ,KLINIK","JL. PEGAMBIRAN NO 33A KEL.RAWAMANGUN, KEC.PULO GADUNG,KOTA JAKARTA TIMUR  DKI JAKARTA  13220","1585","MOFACORT CREAM 5 GR","KLINIK","5","34900"
"D152383","05-12-2020","","0091236","SQIN CLINIC ,KLINIK","JL. PEGAMBIRAN NO 33A KEL.RAWAMANGUN, KEC.PULO GADUNG,KOTA JAKARTA TIMUR  DKI JAKARTA  13220","2081","PIROTOP CREAM 10 GR","KLINIK","5","59600"
"D152393","07-12-2020","","0063494","VISAKHA MANGGALA ,BAPAK","RUKO PLUIT VILLAGE NO.49 JL.PLUIT INDAH RAYA -","0195","MEDIKLIN GEL 15 GR","KLINIK","10","22900"
"D152393","07-12-2020","","0063494","VISAKHA MANGGALA ,BAPAK","RUKO PLUIT VILLAGE NO.49 JL.PLUIT INDAH RAYA -","1334","MELANOX 2% CREAM 15 GR","KLINIK","10","30000"
"D152394","07-12-2020","","0059814","LIZA H BUN ,DR","JL.PLUIT SELATAN RAYA NO.1 -","0829","KLODERMA OINT 10 GR","DOKTER","10","31625"
"D152398","07-12-2020","","0059707","THERESIA TEDJASUKMANA ,DR","JL.YOS SUDARSO LORONG 101 NO.51 (SEBELUM PLAZA KOJA/BELAKANG RAMAH) TJ.PRIOK KOJA","3972","GLIKODERM 8% SS POT 20 GR","KLINIK","20","31300"
"D152398","07-12-2020","","0059707","THERESIA TEDJASUKMANA ,DR","JL.YOS SUDARSO LORONG 101 NO.51 (SEBELUM PLAZA KOJA/BELAKANG RAMAH) TJ.PRIOK KOJA","4124","GLIKODERM CFC PHA 100 ML","KLINIK","10","30650"
"D152399","07-12-2020","","0059884","STEVY DIAN F ,DR","PONDOK BAMBU PERMAI BLOK AB NO.7 RT.15/005 PONDOK BAMBU.DUREN SAWIT","5198","GLIKODERM PEEL NEUTRALIZER 200","DOKTER","1","82500"
"D152399","07-12-2020","","0059884","STEVY DIAN F ,DR","PONDOK BAMBU PERMAI BLOK AB NO.7 RT.15/005 PONDOK BAMBU.DUREN SAWIT","4043","PIROTOP OINT 10 GR","DOKTER","10","65600"
"D152399","07-12-2020","","0059884","STEVY DIAN F ,DR","PONDOK BAMBU PERMAI BLOK AB NO.7 RT.15/005 PONDOK BAMBU.DUREN SAWIT","1063","TEKASOL OINTMENT 10 GR","DOKTER","10","38150"
"D152400","07-12-2020","","0061528","LINDA DSANIA ,DR","SUNTER HIJAU 3 BLOK V2 NO.3A -","0828","KETOMED SS 60 ML","DOKTER","50","40100"
"D152400","07-12-2020","","0061528","LINDA DSANIA ,DR","SUNTER HIJAU 3 BLOK V2 NO.3A -","0195","MEDIKLIN GEL 15 GR","DOKTER","20","22900"
"D152400","07-12-2020","","0061528","LINDA DSANIA ,DR","SUNTER HIJAU 3 BLOK V2 NO.3A -","0196","MEDIKLIN TR GEL 15 GR","DOKTER","10","40300"
"D152400","07-12-2020","","0061528","LINDA DSANIA ,DR","SUNTER HIJAU 3 BLOK V2 NO.3A -","0292","REGROU FORTE SOLUTION 30 ML","DOKTER","15","98850"
"D152400","07-12-2020","","0061528","LINDA DSANIA ,DR","SUNTER HIJAU 3 BLOK V2 NO.3A -","5208","TOPICARE + CERAMIDE CR 100 GR","DOKTER","5","137500"
"D152400","07-12-2020","","0061528","LINDA DSANIA ,DR","SUNTER HIJAU 3 BLOK V2 NO.3A -","4236","TOPICARE CLEANSER 90 ML","DOKTER","5","60500"
"D152401","07-12-2020","","0062109","RETNO SRI PRATIWI.DR","JL.CENDANI RAYA BLOK D NO.94 PONDOK BAMBU","6564","HELIATECH SUNSCR SPF45 LOT 30M","DOKTER","10","72500"
"D152402","07-12-2020","","0070287","DEWI LESTARI ,DR","JALAN JENDERAL AHMAD YANI, RT.2/RW.7  KEL.CEMPAKA PUTIH TIMUR, KEC.CEMPAKA PUTIH,KOTA JAKARTA PUSAT  DKI JAKARTA  10510","C390","HYALUDERM FACE MOIST CR 15GR","DOKTER","2","93500"
"D152403","07-12-2020","","0069623","EVA HERLINA ,DR","JLN. CEMPAKA WANGI 3, NO.03 RT 012 / RW 09, HARAPAN MULYA KEMAYORAN","0828","KETOMED SS 60 ML","DOKTER","50","40100"
"D152403","07-12-2020","","0069623","EVA HERLINA ,DR","JLN. CEMPAKA WANGI 3, NO.03 RT 012 / RW 09, HARAPAN MULYA KEMAYORAN","5208","TOPICARE + CERAMIDE CR 100 GR","DOKTER","10","137500"
"D152413","07-12-2020","","0070287","DEWI LESTARI ,DR","JALAN JENDERAL AHMAD YANI, RT.2/RW.7  KEL.CEMPAKA PUTIH TIMUR, KEC.CEMPAKA PUTIH,KOTA JAKARTA PUSAT  DKI JAKARTA  10510","2144","CARMED 10% CREAM 40 GR","DOKTER","10","29000"
"D152413","07-12-2020","","0070287","DEWI LESTARI ,DR","JALAN JENDERAL AHMAD YANI, RT.2/RW.7  KEL.CEMPAKA PUTIH TIMUR, KEC.CEMPAKA PUTIH,KOTA JAKARTA PUSAT  DKI JAKARTA  10510","1738","CARMED 20% CREAM 40 GR","DOKTER","20","37300"
"D152413","07-12-2020","","0070287","DEWI LESTARI ,DR","JALAN JENDERAL AHMAD YANI, RT.2/RW.7  KEL.CEMPAKA PUTIH TIMUR, KEC.CEMPAKA PUTIH,KOTA JAKARTA PUSAT  DKI JAKARTA  10510","0195","MEDIKLIN GEL 15 GR","DOKTER","30","22900"
"D152413","07-12-2020","","0070287","DEWI LESTARI ,DR","JALAN JENDERAL AHMAD YANI, RT.2/RW.7  KEL.CEMPAKA PUTIH TIMUR, KEC.CEMPAKA PUTIH,KOTA JAKARTA PUSAT  DKI JAKARTA  10510","1439","VITACID 0,025% CREAM 15 GR","DOKTER","50","23000"
"D152413","07-12-2020","","0070287","DEWI LESTARI ,DR","JALAN JENDERAL AHMAD YANI, RT.2/RW.7  KEL.CEMPAKA PUTIH TIMUR, KEC.CEMPAKA PUTIH,KOTA JAKARTA PUSAT  DKI JAKARTA  10510","0329","VITACID 0,025% GELL 20 GR","DOKTER","20","23000"
"D152413","07-12-2020","","0070287","DEWI LESTARI ,DR","JALAN JENDERAL AHMAD YANI, RT.2/RW.7  KEL.CEMPAKA PUTIH TIMUR, KEC.CEMPAKA PUTIH,KOTA JAKARTA PUSAT  DKI JAKARTA  10510","0766","VITACID 0,05% CREAM 20 GRAM","DOKTER","50","33800"
"D152413","07-12-2020","","0070287","DEWI LESTARI ,DR","JALAN JENDERAL AHMAD YANI, RT.2/RW.7  KEL.CEMPAKA PUTIH TIMUR, KEC.CEMPAKA PUTIH,KOTA JAKARTA PUSAT  DKI JAKARTA  10510","1006","VITACID 0,1% CREAM 20 GR","DOKTER","20","43900"
"D152413","07-12-2020","","0070287","DEWI LESTARI ,DR","JALAN JENDERAL AHMAD YANI, RT.2/RW.7  KEL.CEMPAKA PUTIH TIMUR, KEC.CEMPAKA PUTIH,KOTA JAKARTA PUSAT  DKI JAKARTA  10510","B785","VITACID GEL 0,05% 20GR","DOKTER","10","49500"
"D152413","07-12-2020","","0070287","DEWI LESTARI ,DR","JALAN JENDERAL AHMAD YANI, RT.2/RW.7  KEL.CEMPAKA PUTIH TIMUR, KEC.CEMPAKA PUTIH,KOTA JAKARTA PUSAT  DKI JAKARTA  10510","B786","VITACID GEL 0,1% 20GR","DOKTER","20","64950"
"D152414","07-12-2020","","0075957","JONATAN ANTONIUS ,DR","JL PALMERIAM RT 02/05 , PALMERIAM MATRAMAN JAKTIM -","0979","BENZOLAC 2,5 GEL 5 GRAM","DOKTER","50","13350"
"D152414","07-12-2020","","0075957","JONATAN ANTONIUS ,DR","JL PALMERIAM RT 02/05 , PALMERIAM MATRAMAN JAKTIM -","4045","GLIKODERM CFC 100 ML","DOKTER","5","24750"
"D152416","07-12-2020","","0074770","POCUT ISRAITA ,DR","PONDOK BAMBU TOWN HOUSE JL. BAHANA 2 BLOK A NO. 25 PONDOK BAMBU, DUREN SAWIT JAKARTA TIMUR.","B327","LUMINEUX PURIFYING FC.WASH 100","DOKTER","1","69000"
"D152416","07-12-2020","","0074770","POCUT ISRAITA ,DR","PONDOK BAMBU TOWN HOUSE JL. BAHANA 2 BLOK A NO. 25 PONDOK BAMBU, DUREN SAWIT JAKARTA TIMUR.","0195","MEDIKLIN GEL 15 GR","DOKTER","20","22900"
"D152416","07-12-2020","","0074770","POCUT ISRAITA ,DR","PONDOK BAMBU TOWN HOUSE JL. BAHANA 2 BLOK A NO. 25 PONDOK BAMBU, DUREN SAWIT JAKARTA TIMUR.","0196","MEDIKLIN TR GEL 15 GR","DOKTER","50","40300"
"D152417","07-12-2020","","0070287","DEWI LESTARI ,DR","JALAN JENDERAL AHMAD YANI, RT.2/RW.7  KEL.CEMPAKA PUTIH TIMUR, KEC.CEMPAKA PUTIH,KOTA JAKARTA PUSAT  DKI JAKARTA  10510","0861","MELANOX FORTE 4% CREAM 15 GRAM","DOKTER","30","31500"
"D152418","07-12-2020","","0075957","JONATAN ANTONIUS ,DR","JL PALMERIAM RT 02/05 , PALMERIAM MATRAMAN JAKTIM -","1109","BENZOLAC 5 GEL 5 GR","DOKTER","50","17600"
"D152419","07-12-2020","","0059884","STEVY DIAN F ,DR","PONDOK BAMBU PERMAI BLOK AB NO.7 RT.15/005 PONDOK BAMBU.DUREN SAWIT","0503","VITAQUIN CREAM 15 GR","DOKTER","10","61600"
"D152420","07-12-2020","","0069623","EVA HERLINA ,DR","JLN. CEMPAKA WANGI 3, NO.03 RT 012 / RW 09, HARAPAN MULYA KEMAYORAN","0829","KLODERMA OINT 10 GR","DOKTER","50","31625"
"D152420","07-12-2020","","0069623","EVA HERLINA ,DR","JLN. CEMPAKA WANGI 3, NO.03 RT 012 / RW 09, HARAPAN MULYA KEMAYORAN","0196","MEDIKLIN TR GEL 15 GR","DOKTER","50","40300"
"D152420","07-12-2020","","0069623","EVA HERLINA ,DR","JLN. CEMPAKA WANGI 3, NO.03 RT 012 / RW 09, HARAPAN MULYA KEMAYORAN","0291","REGROU 2% SOLUTION 30 ML","DOKTER","20","55100"
"D152420","07-12-2020","","0069623","EVA HERLINA ,DR","JLN. CEMPAKA WANGI 3, NO.03 RT 012 / RW 09, HARAPAN MULYA KEMAYORAN","0292","REGROU FORTE SOLUTION 30 ML","DOKTER","30","98850"
"D152421","07-12-2020","","0059864","HERYANTO Sp.KK ,DR","JL.KELAPA LILIN NO.1 RT.03/12 KRAMAT ASEM,UTAN KAYU SELATAN -","0195","MEDIKLIN GEL 15 GR","DOKTER","5","22900"
"D152421","07-12-2020","","0059864","HERYANTO Sp.KK ,DR","JL.KELAPA LILIN NO.1 RT.03/12 KRAMAT ASEM,UTAN KAYU SELATAN -","0519","REFAQUIN CREAM 15 GR","DOKTER","5","62600"
"D152422","07-12-2020","","0083205","JULIANA ,DR","RS PLUIT, JL SELATAN PLUIT RAYA NO 2 RW 7   KEL.PLUIT KEC.PENJARINGAN,KOTA JAKARTA UTARA  DKI JAKARTA  14450","0196","MEDIKLIN TR GEL 15 GR","DOKTER","10","40300"
"D152423","07-12-2020","","0059884","STEVY DIAN F ,DR","PONDOK BAMBU PERMAI BLOK AB NO.7 RT.15/005 PONDOK BAMBU.DUREN SAWIT","4052","GLIKODERM SKIN TONER 100ML PHA","DOKTER","10","18000"
"D152423","07-12-2020","","0059884","STEVY DIAN F ,DR","PONDOK BAMBU PERMAI BLOK AB NO.7 RT.15/005 PONDOK BAMBU.DUREN SAWIT","0828","KETOMED SS 60 ML","DOKTER","50","40100"