"NO TRANSAKSI","TGL TRANSAKSI","KODE OLDCUSTOMER","KODE CUSTOMER","NAMA CUSTOMER","ALAMAT","KODE BARANG","NAMA BARANG","SEKTOR","QTY BARANG","HNA"
"S127644","11-12-2020","","0064334","FARADISA DURRY ,DR","JL RUNGKUT MENANGGAL HARAPAN BLOK J NO.9 -","4047","PARASOL SB CR WHITE SPF 33 20","DOKTER","1","51300"
"S127647","11-12-2020","","0064334","FARADISA DURRY ,DR","JL RUNGKUT MENANGGAL HARAPAN BLOK J NO.9 -","1439","VITACID 0,025% CREAM 15 GR","DOKTER","3","23000"
"S127647","11-12-2020","","0064334","FARADISA DURRY ,DR","JL RUNGKUT MENANGGAL HARAPAN BLOK J NO.9 -","0766","VITACID 0,05% CREAM 20 GRAM","DOKTER","2","33800"
"S127647","11-12-2020","","0064334","FARADISA DURRY ,DR","JL RUNGKUT MENANGGAL HARAPAN BLOK J NO.9 -","1006","VITACID 0,1% CREAM 20 GR","DOKTER","1","43900"
"S127648","11-12-2020","","0064334","FARADISA DURRY ,DR","JL RUNGKUT MENANGGAL HARAPAN BLOK J NO.9 -","2130","ERYMED CREAM 20 GR","DOKTER","4","28700"
"S127648","11-12-2020","","0064334","FARADISA DURRY ,DR","JL RUNGKUT MENANGGAL HARAPAN BLOK J NO.9 -","0195","MEDIKLIN GEL 15 GR","DOKTER","2","22900"
"S127732","15-12-2020","","0064334","FARADISA DURRY ,DR","JL RUNGKUT MENANGGAL HARAPAN BLOK J NO.9 -","0812","NIACEF GEL 15 GRAM","DOKTER","41","28700"
"S127736","15-12-2020","","0072202","JOSE LAKSAMANA ,DR","MARGOREJO INDAH 3 BLOK C-107  KEL.MARGOREJO KEC.WONOCOLO,KOTA SURABAYA  JAWA TIMUR  59353","1439","VITACID 0,025% CREAM 15 GR","DOKTER","1","23000"